kmer size,theta,error rate,number of genomes,read count,time,memory,classification recall,classification precision,filter recall,filter precision,avg read count error
15,0.0,0.0,33,1000,434128894,154960,1.0,0.48484848484848486,1.0,0.8016032064128257,948.0
15,0.2,0.0,33,1000,268829007,140448,1.0,0.8421052631578947,1.0,1.0,14.4375
15,0.4,0.0,33,1000,249273637,131068,1.0,0.9411764705882353,1.0,1.0,10.375
15,0.6,0.0,33,1000,255825248,135752,1.0,1.0,1.0,1.0,7.4375
15,0.8,0.0,33,1000,259370486,140448,1.0,0.9411764705882353,1.0,1.0,5.3125
15,1.0,0.0,33,1000,276236855,140328,1.0,1.0,1.0,1.0,3.0625
15,0.0,0.02,33,1000,398479047,154732,1.0,0.48484848484848486,1.0,0.8016032064128257,948.0
15,0.2,0.02,33,1000,254240128,140472,1.0,0.7619047619047619,1.0,0.9987515605493134,0.0625
15,0.4,0.02,33,1000,279476535,145164,1.0,0.8888888888888888,0.98,1.0,8.125
15,0.6,0.02,33,1000,240119599,121696,1.0,0.8888888888888888,0.87625,1.0,8.9375
15,0.8,0.02,33,1000,263605889,145160,1.0,0.8421052631578947,0.6225,1.0,18.75
15,1.0,0.02,33,1000,216323084,126400,1.0,1.0,0.2475,1.0,37.625
15,0.0,0.04,33,1000,398425479,154552,1.0,0.48484848484848486,1.0,0.8016032064128257,948.0
15,0.2,0.04,33,1000,261687134,135760,1.0,0.8421052631578947,0.99,1.0,2.3125
15,0.4,0.04,33,1000,265554808,145136,1.0,0.8421052631578947,0.86625,1.0,7.75
15,0.6,0.04,33,1000,265906834,145424,1.0,0.8,0.5725,1.0,21.375
15,0.8,0.04,33,1000,228971156,135780,1.0,0.8888888888888888,0.23875,1.0,37.9375
15,1.0,0.04,33,1000,222010455,135628,0.9375,0.9375,0.05,1.0,47.13333333333333
15,0.0,0.06,33,1000,398391468,154724,1.0,0.48484848484848486,1.0,0.8016032064128257,948.0
15,0.2,0.06,33,1000,291299338,149824,1.0,0.8,0.94625,1.0,5.0625
15,0.4,0.06,33,1000,273666144,145136,1.0,0.9411764705882353,0.7,1.0,11.5
15,0.6,0.06,33,1000,243280072,145156,1.0,0.8888888888888888,0.30875,1.0,33.6875
15,0.8,0.06,33,1000,249114325,126396,1.0,0.9411764705882353,0.08625,1.0,45.4375
15,1.0,0.06,33,1000,210743017,121708,0.625,0.9090909090909091,0.01875,1.0,48.5
15,0.0,0.08,33,1000,393013524,154512,1.0,0.48484848484848486,1.0,0.8016032064128257,948.0
15,0.2,0.08,33,1000,270002182,145156,1.0,0.8421052631578947,0.8375,1.0,8.125
15,0.4,0.08,33,1000,259669817,140472,1.0,1.0,0.42125,1.0,27.4375
15,0.6,0.08,33,1000,222400539,131084,1.0,0.9411764705882353,0.1525,1.0,41.875
15,0.8,0.08,33,1000,199134090,117024,0.8125,1.0,0.025,1.0,48.46153846153846
15,1.0,0.08,33,1000,106917627,51232,0.125,1.0,0.0025,1.0,49.0
15,0.0,0.1,33,1000,402013689,154548,1.0,0.48484848484848486,1.0,0.8016032064128257,948.0
15,0.2,0.1,33,1000,260012898,140480,1.0,0.8421052631578947,0.6975,1.0,14.0625
15,0.4,0.1,33,1000,226406971,131060,1.0,0.8888888888888888,0.2875,1.0,35.625
15,0.6,0.1,33,1000,218479425,126252,1.0,0.8888888888888888,0.06125,1.0,46.8125
15,0.8,0.1,33,1000,179468767,93684,0.5,1.0,0.01,1.0,49.0
15,1.0,0.1,33,1000,44745877,26716,0.0,0,0.0,0,nan
20,0.0,0.0,33,1000,431174116,154728,1.0,0.48484848484848486,1.0,0.8016032064128257,948.0
20,0.2,0.0,33,1000,280960124,145144,1.0,0.8421052631578947,1.0,1.0,0.0625
20,0.4,0.0,33,1000,253944441,145112,1.0,0.8421052631578947,1.0,1.0,0.0
20,0.6,0.0,33,1000,261836990,145112,1.0,0.8,1.0,1.0,0.0
20,0.8,0.0,33,1000,374332532,135732,1.0,0.8888888888888888,1.0,1.0,2.875
20,1.0,0.0,33,1000,277332638,140416,1.0,0.8888888888888888,1.0,1.0,2.75
20,0.0,0.02,33,1000,393065432,154536,1.0,0.48484848484848486,1.0,0.8016032064128257,948.0
20,0.2,0.02,33,1000,291376843,149800,1.0,0.8421052631578947,0.99375,1.0,4.9375
20,0.4,0.02,33,1000,259773500,145108,1.0,0.8888888888888888,0.925,1.0,3.75
20,0.6,0.02,33,1000,310970447,145108,1.0,0.8888888888888888,0.74375,1.0,12.8125
20,0.8,0.02,33,1000,256683163,140420,1.0,0.8888888888888888,0.3575,1.0,32.125
20,1.0,0.02,33,1000,234675557,135748,1.0,0.9411764705882353,0.2125,1.0,39.375
20,0.0,0.04,33,1000,380827889,154740,1.0,0.48484848484848486,1.0,0.8016032064128257,948.0
20,0.2,0.04,33,1000,271658446,149800,1.0,0.8,0.93375,1.0,4.25
20,0.4,0.04,33,1000,265953614,145136,1.0,0.8888888888888888,0.7125,0.9982486865148862,14.6875
20,0.6,0.04,33,1000,261676384,140452,1.0,0.9411764705882353,0.37,1.0,31.5625
20,0.8,0.04,33,1000,242164632,145104,1.0,0.9411764705882353,0.125,1.0,43.6875
20,1.0,0.04,33,1000,206719605,121540,1.0,1.0,0.05625,1.0,47.1875
20,0.0,0.06,33,1000,396322293,154536,1.0,0.48484848484848486,1.0,0.8016032064128257,948.0
20,0.2,0.06,33,1000,250580981,140444,1.0,0.8421052631578947,0.8175,1.0,8.375
20,0.4,0.06,33,1000,272867798,149796,1.0,0.8888888888888888,0.46125,1.0,26.25
20,0.6,0.06,33,1000,238504115,140416,1.0,0.8888888888888888,0.17875,1.0,41.0
20,0.8,0.06,33,1000,224908048,140412,0.9375,0.9375,0.0375,1.0,47.93333333333333
20,1.0,0.06,33,1000,198219377,112316,0.5625,0.9,0.015,1.0,48.44444444444444
20,0.0,0.08,33,1000,385965780,154536,1.0,0.48484848484848486,1.0,0.8016032064128257,948.0
20,0.2,0.08,33,1000,268350667,145112,1.0,0.8888888888888888,0.595,1.0,17.75
20,0.4,0.08,33,1000,249258978,145136,1.0,0.8421052631578947,0.26625,1.0,35.9375
20,0.6,0.08,33,1000,249631571,145104,1.0,0.8888888888888888,0.0775,1.0,46.0625
20,0.8,0.08,33,1000,179134565,107472,0.5,1.0,0.01625,1.0,48.375
20,1.0,0.08,33,1000,119598019,60840,0.1875,1.0,0.005,1.0,48.666666666666664
20,0.0,0.1,33,1000,432251166,154712,1.0,0.48484848484848486,1.0,0.8016032064128257,948.0
20,0.2,0.1,33,1000,251003040,145128,1.0,0.8421052631578947,0.45125,1.0,25.25
20,0.4,0.1,33,1000,230199527,131064,1.0,0.8888888888888888,0.13125,1.0,43.4375
20,0.6,0.1,33,1000,213371023,130912,0.75,0.8571428571428571,0.01875,1.0,48.75
20,0.8,0.1,33,1000,137185330,79492,0.25,1.0,0.005,1.0,49.0
20,1.0,0.1,33,1000,71540982,26716,0.0625,1.0,0.00125,1.0,49.0
25,0.0,0.0,33,1000,425741619,154972,1.0,0.48484848484848486,1.0,0.8016032064128257,948.0
25,0.2,0.0,33,1000,274903539,150028,1.0,0.8,1.0,1.0,4.75
25,0.4,0.0,33,1000,263158691,140652,1.0,0.8,1.0,1.0,0.0
25,0.6,0.0,33,1000,273151780,145596,1.0,0.8421052631578947,1.0,1.0,1.5
25,0.8,0.0,33,1000,340942350,140896,1.0,0.9411764705882353,1.0,1.0,3.125
25,1.0,0.0,33,1000,288614701,150032,1.0,0.9411764705882353,1.0,1.0,4.9375
25,0.0,0.02,33,1000,416845992,154964,1.0,0.48484848484848486,1.0,0.8016032064128257,948.0
25,0.2,0.02,33,1000,288286435,145336,1.0,0.8,0.97125,1.0,1.4375
25,0.4,0.02,33,1000,274305964,150056,1.0,0.8888888888888888,0.8575,1.0,5.8125
25,0.6,0.02,33,1000,261076955,140668,1.0,0.8421052631578947,0.67125,1.0,16.375
25,0.8,0.02,33,1000,227605672,135708,1.0,0.8888888888888888,0.31875,1.0,33.9375
25,1.0,0.02,33,1000,233467150,131516,1.0,0.9411764705882353,0.2425,1.0,37.25
25,0.0,0.04,33,1000,398588168,154728,1.0,0.48484848484848486,1.0,0.8016032064128257,948.0
25,0.2,0.04,33,1000,267993095,150024,1.0,0.8,0.85375,1.0,7.3125
25,0.4,0.04,33,1000,251041828,131764,1.0,0.8421052631578947,0.59875,1.0,19.5
25,0.6,0.04,33,1000,232892926,135984,1.0,0.8888888888888888,0.30875,1.0,34.5625
25,0.8,0.04,33,1000,243444581,149764,1.0,0.8421052631578947,0.11,1.0,44.4375
25,1.0,0.04,33,1000,232542114,136088,0.8125,0.8666666666666667,0.03,1.0,48.0
25,0.0,0.06,33,1000,395053243,154724,1.0,0.48484848484848486,1.0,0.8016032064128257,948.0
25,0.2,0.06,33,1000,264616977,150280,1.0,0.8421052631578947,0.6325,1.0,16.9375
25,0.4,0.06,33,1000,257609312,149772,1.0,0.9411764705882353,0.34375,1.0,30.875
25,0.6,0.06,33,1000,239254605,140660,1.0,0.8888888888888888,0.13,1.0,43.5
25,0.8,0.06,33,1000,239365800,130892,0.6875,1.0,0.025,1.0,48.18181818181818
25,1.0,0.06,33,1000,175106063,89348,0.375,1.0,0.01,1.0,48.666666666666664
25,0.0,0.08,33,1000,391893933,154728,1.0,0.48484848484848486,1.0,0.8016032064128257,948.0
25,0.2,0.08,33,1000,250618023,145332,1.0,0.9411764705882353,0.42125,1.0,28.375
25,0.4,0.08,33,1000,219780776,131016,1.0,0.8888888888888888,0.18375,1.0,40.375
25,0.6,0.08,33,1000,226451301,135708,0.9375,1.0,0.04875,1.0,47.266666666666666
25,0.8,0.08,33,1000,169157276,98824,0.375,1.0,0.00875,1.0,48.833333333333336
25,1.0,0.08,33,1000,38239338,26716,0.0,0,0.0,0,nan
25,0.0,0.1,33,1000,389388148,154716,1.0,0.48484848484848486,1.0,0.8016032064128257,948.0
25,0.2,0.1,33,1000,238823359,140892,1.0,0.8888888888888888,0.27,1.0,34.625
25,0.4,0.1,33,1000,242259248,150056,1.0,0.8888888888888888,0.07375,1.0,46.125
25,0.6,0.1,33,1000,199183882,98964,0.5,1.0,0.01125,1.0,48.875
25,0.8,0.1,33,1000,114266142,60564,0.1875,1.0,0.00375,1.0,49.0
25,1.0,0.1,33,1000,68231152,26716,0.0625,1.0,0.00125,1.0,49.0
30,0.0,0.0,33,1000,432867812,154960,1.0,0.48484848484848486,1.0,0.8016032064128257,948.0
30,0.2,0.0,33,1000,281206650,140876,1.0,0.9411764705882353,1.0,1.0,8.9375
30,0.4,0.0,33,1000,268790976,140628,1.0,0.9411764705882353,1.0,1.0,7.3125
30,0.6,0.0,33,1000,263801318,140380,1.0,0.8,1.0,1.0,0.0
30,0.8,0.0,33,1000,267437359,131500,1.0,1.0,1.0,1.0,2.8125
30,1.0,0.0,33,1000,282722003,145328,1.0,0.8421052631578947,1.0,1.0,2.9375
30,0.0,0.02,33,1000,404014302,154708,1.0,0.48484848484848486,1.0,0.8016032064128257,948.0
30,0.2,0.02,33,1000,285902396,150248,1.0,0.8888888888888888,0.92625,0.9986522911051213,5.25
30,0.4,0.02,33,1000,248275360,135720,1.0,0.8421052631578947,0.79375,1.0,10.25
30,0.6,0.02,33,1000,242834184,135684,1.0,0.8888888888888888,0.47875,1.0,26.0625
30,0.8,0.02,33,1000,243082077,136200,1.0,0.9411764705882353,0.33,1.0,32.4375
30,1.0,0.02,33,1000,251464703,140624,1.0,0.8888888888888888,0.19875,1.0,39.875
30,0.0,0.04,33,1000,416462397,155212,1.0,0.48484848484848486,1.0,0.8016032064128257,948.0
30,0.2,0.04,33,1000,255401342,145092,1.0,0.8888888888888888,0.7375,1.0,11.9375
30,0.4,0.04,33,1000,276069643,155200,1.0,0.8,0.47125,1.0,26.4375
30,0.6,0.04,33,1000,216268094,126828,1.0,1.0,0.21875,1.0,39.0625
30,0.8,0.04,33,1000,224686550,126560,1.0,0.8421052631578947,0.09375,1.0,45.3125
30,1.0,0.04,33,1000,198550207,121740,0.875,1.0,0.045,1.0,47.42857142857143
30,0.0,0.06,33,1000,390414563,154884,1.0,0.48484848484848486,1.0,0.8016032064128257,948.0
30,0.2,0.06,33,1000,248010982,131240,1.0,0.8888888888888888,0.50625,1.0,24.6875
30,0.4,0.06,33,1000,263760344,145332,1.0,0.8421052631578947,0.2325,1.0,38.125
30,0.6,0.06,33,1000,224444616,131520,1.0,0.9411764705882353,0.0825,1.0,45.625
30,0.8,0.06,33,1000,214165675,131264,0.75,0.9230769230769231,0.04,1.0,47.333333333333336
30,1.0,0.06,33,1000,141846293,79292,0.4375,1.0,0.0125,1.0,48.57142857142857
30,0.0,0.08,33,1000,412270553,154952,1.0,0.48484848484848486,1.0,0.8016032064128257,948.0
30,0.2,0.08,33,1000,248249802,140620,1.0,0.9411764705882353,0.3225,1.0,33.75
30,0.4,0.08,33,1000,232633974,140244,1.0,0.8888888888888888,0.12125,1.0,43.625
30,0.6,0.08,33,1000,224303741,136200,0.6875,0.9166666666666666,0.02125,1.0,48.45454545454545
30,0.8,0.08,33,1000,125016969,61028,0.25,1.0,0.00875,1.0,48.25
30,1.0,0.08,33,1000,96835042,46472,0.125,1.0,0.00375,1.0,48.5
30,0.0,0.1,33,1000,404284435,154712,1.0,0.48484848484848486,1.0,0.8016032064128257,948.0
30,0.2,0.1,33,1000,235235439,135708,1.0,0.8421052631578947,0.1575,1.0,42.125
30,0.4,0.1,33,1000,201227158,112528,0.9375,1.0,0.0475,1.0,47.4
30,0.6,0.1,33,1000,143059481,79696,0.375,1.0,0.01375,1.0,48.166666666666664
30,0.8,0.1,33,1000,40308391,26716,0.0,0,0.0,0,nan
30,1.0,0.1,33,1000,37743261,26716,0.0,0,0.0,0,nan
35,0.0,0.0,33,1000,426127884,154468,1.0,0.48484848484848486,1.0,0.8016032064128257,948.0
35,0.2,0.0,33,1000,282780272,145476,1.0,0.8888888888888888,1.0,1.0,7.625
35,0.4,0.0,33,1000,251995193,131500,1.0,0.8888888888888888,1.0,1.0,0.0
35,0.6,0.0,33,1000,252364084,130984,1.0,0.9411764705882353,1.0,1.0,0.9375
35,0.8,0.0,33,1000,261801606,140540,1.0,0.8888888888888888,1.0,1.0,0.0
35,1.0,0.0,33,1000,259910264,131016,1.0,1.0,1.0,1.0,2.4375
35,0.0,0.02,33,1000,387682363,154696,1.0,0.48484848484848486,1.0,0.8016032064128257,948.0
35,0.2,0.02,33,1000,241153145,135668,1.0,0.8421052631578947,0.8675,1.0,6.625
35,0.4,0.02,33,1000,233529963,131004,1.0,0.9411764705882353,0.72375,1.0,13.125
35,0.6,0.02,33,1000,242505506,140628,1.0,0.8421052631578947,0.445,1.0,27.75
35,0.8,0.02,33,1000,244622522,135604,1.0,0.8888888888888888,0.3075,1.0,34.625
35,1.0,0.02,33,1000,231421849,140288,1.0,0.9411764705882353,0.22375,1.0,38.8125
35,0.0,0.04,33,1000,391647143,154480,1.0,0.48484848484848486,1.0,0.8016032064128257,948.0
35,0.2,0.04,33,1000,393715135,145320,1.0,0.8888888888888888,0.6325,1.0,18.375
35,0.4,0.04,33,1000,245496841,135620,1.0,0.8,0.39875,1.0,30.0625
35,0.6,0.04,33,1000,229780415,131408,1.0,0.9411764705882353,0.1775,1.0,40.375
35,0.8,0.04,33,1000,229544253,135600,1.0,0.9411764705882353,0.1125,1.0,44.375
35,1.0,0.04,33,1000,213614769,126216,0.9375,0.9375,0.03875,1.0,47.8
35,0.0,0.06,33,1000,392344491,154708,1.0,0.48484848484848486,1.0,0.8016032064128257,948.0
35,0.2,0.06,33,1000,244370803,135596,1.0,0.8888888888888888,0.36625,1.0,29.5625
35,0.4,0.06,33,1000,265718025,131652,1.0,0.8421052631578947,0.16375,1.0,41.8125
35,0.6,0.06,33,1000,220063352,130912,1.0,0.9411764705882353,0.07375,1.0,46.3125
35,0.8,0.06,33,1000,232448150,140792,0.9375,0.8823529411764706,0.035,1.0,48.13333333333333
35,1.0,0.06,33,1000,127902614,65208,0.1875,1.0,0.00375,1.0,49.0
35,0.0,0.08,33,1000,388834029,154504,1.0,0.48484848484848486,1.0,0.8016032064128257,948.0
35,0.2,0.08,33,1000,234125707,135848,1.0,0.8888888888888888,0.19375,1.0,39.375
35,0.4,0.08,33,1000,233639261,140288,1.0,0.8888888888888888,0.08375,1.0,45.8125
35,0.6,0.08,33,1000,180939403,107404,0.75,1.0,0.0275,1.0,48.166666666666664
35,0.8,0.08,33,1000,147024841,79328,0.3125,1.0,0.01,1.0,48.4
35,1.0,0.08,33,1000,111877848,51172,0.125,1.0,0.0025,1.0,49.0
35,0.0,0.1,33,1000,387614475,154696,1.0,0.48484848484848486,1.0,0.8016032064128257,948.0
35,0.2,0.1,33,1000,251871510,135596,1.0,0.9411764705882353,0.10625,1.0,44.5
35,0.4,0.1,33,1000,190883537,112152,0.75,1.0,0.02875,1.0,48.0
35,0.6,0.1,33,1000,148199925,79580,0.25,1.0,0.00875,1.0,48.25
35,0.8,0.1,33,1000,38754070,26716,0.0,0,0.0,0,nan
35,1.0,0.1,33,1000,74628778,27944,0.0625,1.0,0.00125,1.0,49.0
40,0.0,0.0,33,1000,375969474,154828,1.0,0.48484848484848486,1.0,0.8016032064128257,948.0
40,0.2,0.0,33,1000,232787118,126212,1.0,0.8,1.0,1.0,1.1875
40,0.4,0.0,33,1000,260453674,144956,1.0,0.8421052631578947,1.0,1.0,0.9375
40,0.6,0.0,33,1000,248046762,135580,1.0,0.8888888888888888,1.0,1.0,0.0
40,0.8,0.0,33,1000,248632562,135580,1.0,0.9411764705882353,1.0,1.0,3.0
40,1.0,0.0,33,1000,238064237,121516,1.0,0.8888888888888888,1.0,1.0,3.5
40,0.0,0.02,33,1000,382774508,154500,1.0,0.48484848484848486,1.0,0.8016032064128257,948.0
40,0.2,0.02,33,1000,251826812,140272,1.0,0.8,0.8175,1.0,8.5625
40,0.4,0.02,33,1000,236633250,131144,1.0,0.8888888888888888,0.59,1.0,19.6875
40,0.6,0.02,33,1000,233574363,140268,1.0,1.0,0.45125,1.0,27.4375
40,0.8,0.02,33,1000,247772387,140512,1.0,0.8421052631578947,0.3075,1.0,34.5
40,1.0,0.02,33,1000,239400275,140260,1.0,0.8421052631578947,0.23125,1.0,38.4375
40,0.0,0.04,33,1000,377377417,154808,1.0,0.48484848484848486,1.0,0.8016032064128257,948.0
40,0.2,0.04,33,1000,261094715,149904,1.0,0.8421052631578947,0.51,1.0,24.0
40,0.4,0.04,33,1000,235810982,140264,1.0,0.9411764705882353,0.29875,1.0,35.0625
40,0.6,0.04,33,1000,243469226,140256,1.0,0.9411764705882353,0.1825,1.0,40.375
40,0.8,0.04,33,1000,232024000,140260,1.0,0.9411764705882353,0.08875,1.0,45.5625
40,1.0,0.04,33,1000,364044222,126192,0.875,0.9333333333333333,0.04625,1.0,47.357142857142854
40,0.0,0.06,33,1000,373540632,154692,1.0,0.48484848484848486,1.0,0.8016032064128257,948.0
40,0.2,0.06,33,1000,225628955,130920,1.0,0.8888888888888888,0.3175,1.0,32.625
40,0.4,0.06,33,1000,245984338,140512,1.0,0.9411764705882353,0.12125,1.0,43.5625
40,0.6,0.06,33,1000,229927286,140512,0.9375,0.9375,0.0525,1.0,47.13333333333333
40,0.8,0.06,33,1000,203793546,121508,0.875,0.9333333333333333,0.03375,1.0,47.857142857142854
40,1.0,0.06,33,1000,171293927,102748,0.375,0.8571428571428571,0.00875,1.0,48.833333333333336
40,0.0,0.08,33,1000,406625883,154808,1.0,0.48484848484848486,1.0,0.8016032064128257,948.0
40,0.2,0.08,33,1000,243665642,126196,1.0,0.8888888888888888,0.1625,1.0,41.875
40,0.4,0.08,33,1000,238834180,144952,0.9375,0.8823529411764706,0.05125,1.0,47.266666666666666
40,0.6,0.08,33,1000,224342304,116760,0.6875,1.0,0.0225,1.0,48.36363636363637
40,0.8,0.08,33,1000,136177812,74556,0.3125,1.0,0.00625,1.0,49.0
40,1.0,0.08,33,1000,85490284,37360,0.125,1.0,0.0025,1.0,49.0
40,0.0,0.1,33,1000,391669084,154660,1.0,0.48484848484848486,1.0,0.8016032064128257,948.0
40,0.2,0.1,33,1000,232093253,140260,1.0,1.0,0.07,1.0,46.5
40,0.4,0.1,33,1000,177924462,102684,0.5,1.0,0.01625,1.0,48.375
40,0.6,0.1,33,1000,136841301,74616,0.3125,1.0,0.0075,1.0,48.8
40,0.8,0.1,33,1000,90901056,41736,0.1875,1.0,0.00375,1.0,49.0
40,1.0,0.1,33,1000,30173204,26716,0.0,0,0.0,0,nan
45,0.0,0.0,33,1000,411497276,154868,1.0,0.48484848484848486,1.0,0.8016032064128257,948.0
45,0.2,0.0,33,1000,240104871,130872,1.0,0.8421052631578947,1.0,1.0,3.125
45,0.4,0.0,33,1000,266744305,140492,1.0,0.8,1.0,1.0,0.0
45,0.6,0.0,33,1000,261309452,140500,1.0,0.8,1.0,1.0,0.0
45,0.8,0.0,33,1000,258815142,145428,1.0,0.8,1.0,1.0,0.0
45,1.0,0.0,33,1000,281888187,145180,1.0,0.9411764705882353,1.0,1.0,3.25
45,0.0,0.02,33,1000,411201429,154828,1.0,0.48484848484848486,1.0,0.8016032064128257,948.0
45,0.2,0.02,33,1000,257672899,140500,1.0,0.8421052631578947,0.71,1.0,13.6875
45,0.4,0.02,33,1000,227250004,126684,1.0,0.9411764705882353,0.5675,1.0,21.3125
45,0.6,0.02,33,1000,224139221,131116,1.0,0.8888888888888888,0.39625,1.0,30.1875
45,0.8,0.02,33,1000,255235787,145180,1.0,0.9411764705882353,0.31125,1.0,33.375
45,1.0,0.02,33,1000,237762755,126928,1.0,0.9411764705882353,0.21125,1.0,39.4375
45,0.0,0.04,33,1000,382569693,154924,1.0,0.48484848484848486,1.0,0.8016032064128257,948.0
45,0.2,0.04,33,1000,271335455,145180,1.0,0.8421052631578947,0.425,1.0,27.5
45,0.4,0.04,33,1000,240845973,140496,1.0,1.0,0.25125,1.0,37.4375
45,0.6,0.04,33,1000,258590180,140972,1.0,0.8421052631578947,0.1575,1.0,42.125
45,0.8,0.04,33,1000,226026718,135552,1.0,0.9411764705882353,0.09625,1.0,44.9375
45,1.0,0.04,33,1000,229745635,135796,0.9375,0.8823529411764706,0.04125,1.0,47.8
45,0.0,0.06,33,1000,383146593,154684,1.0,0.48484848484848486,1.0,0.8016032064128257,948.0
45,0.2,0.06,33,1000,231800483,135804,1.0,0.8421052631578947,0.2325,1.0,38.25
45,0.4,0.06,33,1000,250925078,136048,1.0,1.0,0.12,1.0,44.0
45,0.6,0.06,33,1000,213654762,130852,1.0,0.8888888888888888,0.0575,1.0,47.125
45,0.8,0.06,33,1000,168892538,98540,0.625,1.0,0.0275,1.0,47.8
45,1.0,0.06,33,1000,142734274,84724,0.5,1.0,0.01625,1.0,48.375
45,0.0,0.08,33,1000,392086955,154876,1.0,0.48484848484848486,1.0,0.8016032064128257,948.0
45,0.2,0.08,33,1000,224690208,126452,1.0,1.0,0.1225,1.0,42.9375
45,0.4,0.08,33,1000,243644381,131364,0.9375,0.9375,0.05625,1.0,46.53333333333333
45,0.6,0.08,33,1000,184701392,103268,0.6875,0.9166666666666666,0.0275,1.0,47.81818181818182
45,0.8,0.08,33,1000,168489997,98300,0.5,0.8888888888888888,0.01375,1.0,48.625
45,1.0,0.08,33,1000,124206777,65724,0.1875,1.0,0.00375,1.0,49.0
45,0.0,0.1,33,1000,397452067,154616,1.0,0.48484848484848486,1.0,0.8016032064128257,948.0
45,0.2,0.1,33,1000,223886348,131352,0.9375,0.9375,0.04,1.0,47.86666666666667
45,0.4,0.1,33,1000,164269935,89164,0.4375,0.875,0.015,1.0,48.285714285714285
45,0.6,0.1,33,1000,147829505,79980,0.25,1.0,0.00625,1.0,48.75
45,0.8,0.1,33,1000,71009440,28400,0.0625,1.0,0.00125,1.0,49.0
45,1.0,0.1,33,1000,35840424,26716,0.0,0,0.0,0,nan
50,0.0,0.0,33,1000,397957432,155020,1.0,0.48484848484848486,1.0,0.8016032064128257,948.0
50,0.2,0.0,33,1000,226128536,126156,1.0,0.9411764705882353,1.0,0.9987515605493134,3.1875
50,0.4,0.0,33,1000,256377633,144916,1.0,0.8,1.0,1.0,0.0
50,0.6,0.0,33,1000,245433315,135544,1.0,0.9411764705882353,1.0,1.0,3.4375
50,0.8,0.0,33,1000,243840822,135536,1.0,0.8888888888888888,1.0,1.0,0.8125
50,1.0,0.0,33,1000,263007802,135532,1.0,0.8421052631578947,1.0,1.0,0.375
50,0.0,0.02,33,1000,378017203,154860,1.0,0.48484848484848486,1.0,0.8016032064128257,948.0
50,0.2,0.02,33,1000,239852266,135772,1.0,0.9411764705882353,0.6475,0.9980732177263969,15.125
50,0.4,0.02,33,1000,244552776,144912,1.0,0.8,0.5025,1.0,24.875
50,0.6,0.02,33,1000,261465759,149596,1.0,0.8421052631578947,0.41,1.0,29.5
50,0.8,0.02,33,1000,248612425,140464,1.0,0.9411764705882353,0.30375,1.0,34.6875
50,1.0,0.02,33,1000,258831642,140220,1.0,0.8888888888888888,0.2275,1.0,37.8125
50,0.0,0.04,33,1000,378519307,154856,1.0,0.48484848484848486,1.0,0.8016032064128257,948.0
50,0.2,0.04,33,1000,235283192,135780,1.0,0.9411764705882353,0.3925,1.0,28.375
50,0.4,0.04,33,1000,248813605,144908,1.0,0.8421052631578947,0.21875,1.0,39.0625
50,0.6,0.04,33,1000,236798691,131076,1.0,0.9411764705882353,0.12875,1.0,43.125
50,0.8,0.04,33,1000,232082477,140212,1.0,0.9411764705882353,0.10125,1.0,44.5
50,1.0,0.04,33,1000,205651555,126240,0.875,0.9333333333333333,0.04625,1.0,47.214285714285715
50,0.0,0.06,33,1000,392140659,155060,1.0,0.48484848484848486,1.0,0.8016032064128257,948.0
50,0.2,0.06,33,1000,244015930,145140,1.0,0.9411764705882353,0.1575,1.0,42.125
50,0.4,0.06,33,1000,259707574,131328,1.0,0.9411764705882353,0.09375,1.0,45.125
50,0.6,0.06,33,1000,215952174,121744,0.875,0.9333333333333333,0.0375,1.0,47.857142857142854
50,0.8,0.06,33,1000,204208656,117108,0.5625,0.9,0.02125,1.0,48.111111111111114
50,1.0,0.06,33,1000,129467202,70212,0.25,1.0,0.0075,1.0,48.5
50,0.0,0.08,33,1000,390624988,154872,1.0,0.48484848484848486,1.0,0.8016032064128257,948.0
50,0.2,0.08,33,1000,229862396,126400,1.0,0.9411764705882353,0.085,1.0,45.75
50,0.4,0.08,33,1000,229269684,140520,0.875,0.8235294117647058,0.0425,1.0,47.5
50,0.6,0.08,33,1000,159146070,84032,0.625,0.9090909090909091,0.01625,1.0,48.7
50,0.8,0.08,33,1000,155766448,84300,0.375,1.0,0.00875,1.0,48.833333333333336
50,1.0,0.08,33,1000,68197413,28176,0.0625,1.0,0.00125,1.0,49.0
50,0.0,0.1,33,1000,399077762,154840,1.0,0.48484848484848486,1.0,0.8016032064128257,948.0
50,0.2,0.1,33,1000,255971728,131504,0.8125,0.9285714285714286,0.0375,1.0,47.69230769230769
50,0.4,0.1,33,1000,197553769,121804,0.75,1.0,0.02125,1.0,48.583333333333336
50,0.6,0.1,33,1000,127094182,70196,0.25,0.8,0.005,1.0,49.0
50,0.8,0.1,33,1000,138667756,65756,0.1875,1.0,0.00375,1.0,49.0
50,1.0,0.1,33,1000,79971754,28184,0.0625,1.0,0.00125,1.0,49.0
15,0.0,0.0,66,1000,3813086366,262748,1.0,0.5,1.0,0.8,966.0
15,0.2,0.0,66,1000,580651549,238808,1.0,0.7674418604651163,1.0,1.0,0.7272727272727273
15,0.4,0.0,66,1000,564631508,238812,1.0,0.868421052631579,1.0,1.0,3.8484848484848486
15,0.6,0.0,66,1000,517482273,238808,1.0,0.825,1.0,0.9987389659520807,0.8484848484848485
15,0.8,0.0,66,1000,531419546,238812,1.0,0.8461538461538461,1.0,1.0,0.7575757575757576
15,1.0,0.0,66,1000,569433795,239428,1.0,0.9166666666666666,1.0,1.0,0.30303030303030304
15,0.0,0.02,66,1000,3743698596,261164,1.0,0.5,1.0,0.8,966.0
15,0.2,0.02,66,1000,651981215,238872,1.0,0.825,1.0,1.0,0.5454545454545454
15,0.4,0.02,66,1000,522670034,238924,1.0,0.825,0.9886363636363636,0.9987244897959183,0.9696969696969697
15,0.6,0.02,66,1000,579194793,238872,1.0,0.825,0.8775252525252525,1.0,3.303030303030303
15,0.8,0.02,66,1000,447957640,238928,1.0,0.9166666666666666,0.6237373737373737,1.0,8.909090909090908
15,1.0,0.02,66,1000,501178837,238928,1.0,0.9705882352941176,0.2196969696969697,1.0,18.727272727272727
15,0.0,0.04,66,1000,3760823262,261584,1.0,0.5,1.0,0.8,966.0
15,0.2,0.04,66,1000,588148966,238928,1.0,0.825,0.9823232323232324,1.0,3.9696969696969697
15,0.4,0.04,66,1000,584789228,238808,1.0,0.8918918918918919,0.8825757575757576,1.0,3.272727272727273
15,0.6,0.04,66,1000,540904690,238928,1.0,0.9705882352941176,0.5782828282828283,1.0,9.818181818181818
15,0.8,0.04,66,1000,479085465,238928,1.0,0.8918918918918919,0.22348484848484848,1.0,18.606060606060606
15,1.0,0.04,66,1000,460416404,239660,0.7575757575757576,1.0,0.059343434343434344,1.0,22.12
15,0.0,0.06,66,1000,3747833960,261016,1.0,0.5,1.0,0.8,966.0
15,0.2,0.06,66,1000,573213373,238808,1.0,0.7857142857142857,0.9482323232323232,1.0,2.484848484848485
15,0.4,0.06,66,1000,455444205,238868,1.0,0.8918918918918919,0.672979797979798,1.0,7.575757575757576
15,0.6,0.06,66,1000,481335175,238924,1.0,0.9428571428571428,0.30934343434343436,1.0,16.151515151515152
15,0.8,0.06,66,1000,427938370,238928,0.7575757575757576,1.0,0.07954545454545454,1.0,21.44
15,1.0,0.06,66,1000,289116004,168468,0.30303030303030304,1.0,0.015151515151515152,1.0,22.8
15,0.0,0.08,66,1000,3808134499,262632,1.0,0.5,1.0,0.8,966.0
15,0.2,0.08,66,1000,600540510,238932,1.0,0.9428571428571428,0.8434343434343434,1.0,3.5757575757575757
15,0.4,0.08,66,1000,470347480,238924,1.0,0.9166666666666666,0.4797979797979798,0.9973753280839895,12.393939393939394
15,0.6,0.08,66,1000,489093044,238924,1.0,0.9166666666666666,0.15151515151515152,1.0,20.363636363636363
15,0.8,0.08,66,1000,391063255,225148,0.5454545454545454,1.0,0.030303030303030304,1.0,22.666666666666668
15,1.0,0.08,66,1000,47469440,27420,0.0,0,0.0,0,nan
15,0.0,0.1,66,1000,3746564555,262532,1.0,0.5,1.0,0.8,966.0
15,0.2,0.1,66,1000,591094075,238872,1.0,0.8048780487804879,0.7209595959595959,1.0,6.0606060606060606
15,0.4,0.1,66,1000,490243183,238928,1.0,0.9166666666666666,0.25757575757575757,1.0,17.545454545454547
15,0.6,0.1,66,1000,434422244,238924,0.7878787878787878,1.0,0.05808080808080808,1.0,22.192307692307693
15,0.8,0.1,66,1000,140336935,70012,0.09090909090909091,1.0,0.005050505050505051,1.0,22.666666666666668
15,1.0,0.1,66,1000,42024393,27420,0.0,0,0.0,0,nan
20,0.0,0.0,66,1000,3768327661,246100,1.0,0.5,1.0,0.8,966.0
20,0.2,0.0,66,1000,492205414,238908,1.0,0.8461538461538461,1.0,0.9987389659520807,2.515151515151515
20,0.4,0.0,66,1000,529990711,238908,1.0,0.8461538461538461,1.0,1.0,1.2121212121212122
20,0.6,0.0,66,1000,536918801,238904,1.0,0.8918918918918919,1.0,1.0,0.09090909090909091
20,0.8,0.0,66,1000,543487442,238912,1.0,0.9428571428571428,1.0,1.0,0.30303030303030304
20,1.0,0.0,66,1000,509925027,238908,1.0,0.8918918918918919,1.0,1.0,0.09090909090909091
20,0.0,0.02,66,1000,3753647837,262108,1.0,0.5,1.0,0.8,966.0
20,0.2,0.02,66,1000,488431646,238788,1.0,0.825,0.9962121212121212,0.9974715549936789,0.5151515151515151
20,0.4,0.02,66,1000,488235355,238784,1.0,0.868421052631579,0.9368686868686869,1.0,1.7272727272727273
20,0.6,0.02,66,1000,467918896,239044,1.0,0.8918918918918919,0.76010101010101,1.0,5.212121212121212
20,0.8,0.02,66,1000,510347046,238904,1.0,0.9705882352941176,0.3194444444444444,1.0,16.09090909090909
20,1.0,0.02,66,1000,477393909,238900,1.0,0.9428571428571428,0.2196969696969697,1.0,18.666666666666668
20,0.0,0.04,66,1000,3698741233,246744,1.0,0.5,1.0,0.8,966.0
20,0.2,0.04,66,1000,543532714,238908,1.0,0.8461538461538461,0.9292929292929293,0.9986431478968792,1.9393939393939394
20,0.4,0.04,66,1000,492356466,238784,1.0,0.8918918918918919,0.7095959595959596,1.0,6.7272727272727275
20,0.6,0.04,66,1000,513747041,238908,1.0,0.8918918918918919,0.4431818181818182,0.9971590909090909,12.878787878787879
20,0.8,0.04,66,1000,447977709,238904,0.9393939393939394,1.0,0.11994949494949494,1.0,20.903225806451612
20,1.0,0.04,66,1000,434955929,238768,0.7575757575757576,1.0,0.059343434343434344,1.0,22.12
20,0.0,0.06,66,1000,3708690591,261588,1.0,0.5,1.0,0.8,966.0
20,0.2,0.06,66,1000,506819152,238896,1.0,0.8048780487804879,0.7941919191919192,1.0,4.575757575757576
20,0.4,0.06,66,1000,506945861,238904,1.0,0.8918918918918919,0.43686868686868685,1.0,13.121212121212121
20,0.6,0.06,66,1000,516813249,238776,0.9696969696969697,0.9142857142857143,0.18434343434343434,1.0,19.375
20,0.8,0.06,66,1000,356809889,211016,0.6060606060606061,0.9523809523809523,0.04292929292929293,1.0,22.25
20,1.0,0.06,66,1000,220040259,131088,0.24242424242424243,1.0,0.011363636363636364,1.0,22.875
20,0.0,0.08,66,1000,3836500345,246832,1.0,0.5,1.0,0.8,966.0
20,0.2,0.08,66,1000,481035299,238908,1.0,0.9166666666666666,0.5934343434343434,1.0,9.030303030303031
20,0.4,0.08,66,1000,466169534,238780,1.0,0.9166666666666666,0.2601010101010101,1.0,17.636363636363637
20,0.6,0.08,66,1000,427478417,238772,0.9090909090909091,0.967741935483871,0.07954545454545454,1.0,21.866666666666667
20,0.8,0.08,66,1000,262470026,149692,0.24242424242424243,1.0,0.011363636363636364,1.0,22.875
20,1.0,0.08,66,1000,84680416,37164,0.030303030303030304,1.0,0.0012626262626262627,1.0,23.0
20,0.0,0.1,66,1000,3736026851,261552,1.0,0.5,1.0,0.8,966.0
20,0.2,0.1,66,1000,501763709,238904,1.0,0.8918918918918919,0.43308080808080807,1.0,13.515151515151516
20,0.4,0.1,66,1000,437638645,238900,1.0,0.9428571428571428,0.16414141414141414,1.0,20.0
20,0.6,0.1,66,1000,301445948,182668,0.48484848484848486,1.0,0.026515151515151516,1.0,22.6875
20,0.8,0.1,66,1000,192027785,107496,0.15151515151515152,1.0,0.006313131313131313,1.0,23.0
20,1.0,0.1,66,1000,48509468,27420,0.0,0,0.0,0,nan
25,0.0,0.0,66,1000,3786306728,246176,1.0,0.5,1.0,0.8,966.0
25,0.2,0.0,66,1000,523345950,238880,1.0,0.8461538461538461,1.0,1.0,1.9393939393939394
25,0.4,0.0,66,1000,512817298,239316,1.0,0.868421052631579,1.0,1.0,2.5454545454545454
25,0.6,0.0,66,1000,517827199,239128,1.0,0.8918918918918919,1.0,1.0,1.4545454545454546
25,0.8,0.0,66,1000,504587194,239068,1.0,0.8918918918918919,1.0,0.9987389659520807,0.9090909090909091
25,1.0,0.0,66,1000,518250090,239016,1.0,0.9428571428571428,1.0,1.0,0.2727272727272727
25,0.0,0.02,66,1000,3775107436,246888,1.0,0.5,1.0,0.8,966.0
25,0.2,0.02,66,1000,486503791,239008,1.0,0.9428571428571428,0.9696969696969697,1.0,2.878787878787879
25,0.4,0.02,66,1000,498825912,239384,1.0,0.825,0.8497474747474747,1.0,3.484848484848485
25,0.6,0.02,66,1000,460476871,239260,1.0,0.9428571428571428,0.672979797979798,1.0,7.454545454545454
25,0.8,0.02,66,1000,504096435,239012,1.0,0.9705882352941176,0.3421717171717172,1.0,15.393939393939394
25,1.0,0.02,66,1000,468951956,239128,1.0,0.9428571428571428,0.21843434343434343,1.0,18.727272727272727
25,0.0,0.04,66,1000,3721221005,246640,1.0,0.5,1.0,0.8,966.0
25,0.2,0.04,66,1000,490178462,239004,1.0,0.868421052631579,0.8383838383838383,1.0,3.6666666666666665
25,0.4,0.04,66,1000,495762951,238816,1.0,0.8461538461538461,0.5542929292929293,1.0,10.303030303030303
25,0.6,0.04,66,1000,464380696,238880,1.0,0.9166666666666666,0.33080808080808083,1.0,15.969696969696969
25,0.8,0.04,66,1000,469912504,239240,0.9393939393939394,1.0,0.12121212121212122,1.0,20.903225806451612
25,1.0,0.04,66,1000,361966151,215816,0.696969696969697,1.0,0.04292929292929293,1.0,22.47826086956522
25,0.0,0.06,66,1000,3769781580,246480,1.0,0.5,1.0,0.8,966.0
25,0.2,0.06,66,1000,473818525,239012,1.0,0.9166666666666666,0.6300505050505051,1.0,8.363636363636363
25,0.4,0.06,66,1000,477607748,239552,1.0,0.8918918918918919,0.3560606060606061,1.0,15.424242424242424
25,0.6,0.06,66,1000,549774543,239392,0.9393939393939394,1.0,0.12878787878787878,1.0,20.516129032258064
25,0.8,0.06,66,1000,384169308,225188,0.6060606060606061,0.9523809523809523,0.030303030303030304,1.0,22.8
25,1.0,0.06,66,1000,239907661,135984,0.21212121212121213,1.0,0.010101010101010102,1.0,22.857142857142858
25,0.0,0.08,66,1000,3651855817,245816,1.0,0.5,1.0,0.8,966.0
25,0.2,0.08,66,1000,539811239,239308,1.0,0.868421052631579,0.4116161616161616,1.0,13.666666666666666
25,0.4,0.08,66,1000,442255459,239100,1.0,0.9428571428571428,0.16540404040404041,1.0,20.0
25,0.6,0.08,66,1000,353846184,220248,0.6060606060606061,1.0,0.04292929292929293,1.0,22.3
25,0.8,0.08,66,1000,247099056,145640,0.24242424242424243,0.8,0.011363636363636364,1.0,22.875
25,1.0,0.08,66,1000,130643342,61588,0.09090909090909091,1.0,0.003787878787878788,1.0,23.0
25,0.0,0.1,66,1000,3802726615,246784,1.0,0.5,1.0,0.8,966.0
25,0.2,0.1,66,1000,486637385,239624,1.0,0.9166666666666666,0.29797979797979796,1.0,16.757575757575758
25,0.4,0.1,66,1000,418299780,239240,0.7878787878787878,0.9629629629629629,0.07196969696969698,0.9827586206896551,21.807692307692307
25,0.6,0.1,66,1000,261883105,150584,0.30303030303030304,1.0,0.015151515151515152,1.0,22.8
25,0.8,0.1,66,1000,109374965,47024,0.06060606060606061,1.0,0.0025252525252525255,1.0,23.0
25,1.0,0.1,66,1000,84814647,32984,0.030303030303030304,1.0,0.0012626262626262627,1.0,23.0
30,0.0,0.0,66,1000,3896219983,263296,1.0,0.5,1.0,0.8,966.0
30,0.2,0.0,66,1000,558016350,238864,1.0,0.868421052631579,1.0,1.0,0.15151515151515152
30,0.4,0.0,66,1000,570986792,238992,1.0,0.9166666666666666,1.0,1.0,1.8181818181818181
30,0.6,0.0,66,1000,498083346,238744,1.0,0.9428571428571428,1.0,1.0,1.6666666666666667
30,0.8,0.0,66,1000,520939132,239040,1.0,0.8461538461538461,1.0,1.0,0.09090909090909091
30,1.0,0.0,66,1000,552371835,238860,1.0,0.868421052631579,1.0,1.0,0.09090909090909091
30,0.0,0.02,66,1000,3784414751,262932,1.0,0.5,1.0,0.8,966.0
30,0.2,0.02,66,1000,565364258,238980,1.0,0.825,0.9191919191919192,1.0,2.1818181818181817
30,0.4,0.02,66,1000,571696669,239104,1.0,0.8461538461538461,0.7828282828282829,0.998389694041868,5.03030303030303
30,0.6,0.02,66,1000,533224974,239344,1.0,0.8918918918918919,0.4936868686868687,1.0,11.969696969696969
30,0.8,0.02,66,1000,461666613,238856,1.0,0.9166666666666666,0.34974747474747475,1.0,15.424242424242424
30,1.0,0.02,66,1000,484429918,239112,1.0,1.0,0.1893939393939394,1.0,19.363636363636363
30,0.0,0.04,66,1000,3802868757,262436,1.0,0.5,1.0,0.8,966.0
30,0.2,0.04,66,1000,487954072,238856,1.0,0.9166666666666666,0.7159090909090909,1.0,6.515151515151516
30,0.4,0.04,66,1000,448652407,239344,1.0,0.868421052631579,0.4861111111111111,1.0,11.93939393939394
30,0.6,0.04,66,1000,496545761,238844,1.0,0.868421052631579,0.20833333333333334,1.0,18.90909090909091
30,0.8,0.04,66,1000,462114621,239340,0.9696969696969697,0.8888888888888888,0.10227272727272728,1.0,21.40625
30,1.0,0.04,66,1000,350254925,211732,0.5151515151515151,0.9444444444444444,0.04292929292929293,1.0,22.0
30,0.0,0.06,66,1000,3915275576,262296,1.0,0.5,1.0,0.8,966.0
30,0.2,0.06,66,1000,524477462,238852,1.0,0.825,0.5138888888888888,1.0,11.515151515151516
30,0.4,0.06,66,1000,442833581,239092,1.0,0.9705882352941176,0.2297979797979798,1.0,18.12121212121212
30,0.6,0.06,66,1000,408413256,238852,0.8787878787878788,1.0,0.08838383838383838,1.0,21.586206896551722
30,0.8,0.06,66,1000,293958525,173216,0.45454545454545453,1.0,0.02904040404040404,1.0,22.466666666666665
30,1.0,0.06,66,1000,282124260,145104,0.24242424242424243,0.8888888888888888,0.010101010101010102,1.0,23.0
30,0.0,0.08,66,1000,3749761637,262396,1.0,0.5,1.0,0.8,966.0
30,0.2,0.08,66,1000,533396050,238856,1.0,0.9166666666666666,0.3055555555555556,1.0,16.363636363636363
30,0.4,0.08,66,1000,466969435,238856,0.9696969696969697,0.9411764705882353,0.1351010101010101,1.0,20.59375
30,0.6,0.08,66,1000,331028945,192236,0.48484848484848486,1.0,0.03282828282828283,1.0,22.3125
30,0.8,0.08,66,1000,141771463,75200,0.12121212121212122,1.0,0.006313131313131313,1.0,22.75
30,1.0,0.08,66,1000,35622177,27420,0.0,0,0.0,0,nan
30,0.0,0.1,66,1000,3803586017,259860,1.0,0.5,1.0,0.8,966.0
30,0.2,0.1,66,1000,490688910,238896,1.0,0.8461538461538461,0.17045454545454544,1.0,19.87878787878788
30,0.4,0.1,66,1000,352117791,225284,0.6363636363636364,1.0,0.04924242424242424,1.0,22.142857142857142
30,0.6,0.1,66,1000,216795738,126608,0.18181818181818182,0.75,0.011363636363636364,1.0,22.5
30,0.8,0.1,66,1000,152535334,79564,0.09090909090909091,1.0,0.003787878787878788,1.0,23.0
30,1.0,0.1,66,1000,42005817,27420,0.0,0,0.0,0,nan
35,0.0,0.0,66,1000,4364635672,262520,1.0,0.5,1.0,0.8,966.0
35,0.2,0.0,66,1000,502501413,238844,1.0,0.868421052631579,1.0,1.0,1.0
35,0.4,0.0,66,1000,492441922,238768,1.0,0.9166666666666666,1.0,1.0,1.121212121212121
35,0.6,0.0,66,1000,503154262,238840,1.0,0.868421052631579,1.0,1.0,0.06060606060606061
35,0.8,0.0,66,1000,478895529,238836,1.0,0.868421052631579,1.0,1.0,0.0
35,1.0,0.0,66,1000,498035912,239080,1.0,1.0,1.0,1.0,0.7878787878787878
35,0.0,0.02,66,1000,3838323955,262352,1.0,0.5,1.0,0.8,966.0
35,0.2,0.02,66,1000,587105480,238964,1.0,0.8461538461538461,0.8775252525252525,1.0,3.0
35,0.4,0.02,66,1000,519702265,238960,1.0,0.9428571428571428,0.7095959595959596,0.9982238010657194,6.545454545454546
35,0.6,0.02,66,1000,457451868,239076,1.0,0.8461538461538461,0.43813131313131315,1.0,13.363636363636363
35,0.8,0.02,66,1000,487763625,238832,1.0,0.9705882352941176,0.29292929292929293,1.0,16.96969696969697
35,1.0,0.02,66,1000,456210870,239080,1.0,0.9705882352941176,0.20833333333333334,1.0,19.0
35,0.0,0.04,66,1000,3820993520,262836,1.0,0.5,1.0,0.8,966.0
35,0.2,0.04,66,1000,467528562,239084,1.0,0.9166666666666666,0.6073232323232324,1.0,8.727272727272727
35,0.4,0.04,66,1000,504122565,238832,1.0,0.9428571428571428,0.3926767676767677,1.0,14.181818181818182
35,0.6,0.04,66,1000,482589828,238832,1.0,0.9166666666666666,0.18055555555555555,1.0,19.636363636363637
35,0.8,0.04,66,1000,528758509,239080,0.9696969696969697,0.9696969696969697,0.09974747474747475,1.0,21.53125
35,1.0,0.04,66,1000,431712787,234660,0.6060606060606061,1.0,0.041666666666666664,1.0,22.35
35,0.0,0.06,66,1000,3777308587,262580,1.0,0.5,1.0,0.8,966.0
35,0.2,0.06,66,1000,483891972,239084,1.0,0.8918918918918919,0.39141414141414144,1.0,14.363636363636363
35,0.4,0.06,66,1000,475773646,239080,0.9696969696969697,0.9142857142857143,0.16540404040404041,1.0,19.875
35,0.6,0.06,66,1000,418081186,238832,0.8181818181818182,0.9642857142857143,0.06944444444444445,1.0,21.962962962962962
35,0.8,0.06,66,1000,368385769,215916,0.6060606060606061,0.9523809523809523,0.03535353535353535,1.0,22.6
35,1.0,0.06,66,1000,154305135,79360,0.15151515151515152,1.0,0.006313131313131313,1.0,23.0
35,0.0,0.08,66,1000,3666801770,262700,1.0,0.5,1.0,0.8,966.0
35,0.2,0.08,66,1000,487441123,239076,1.0,0.8918918918918919,0.23737373737373738,1.0,18.181818181818183
35,0.4,0.08,66,1000,480194116,238832,0.9090909090909091,0.9375,0.09343434343434344,1.0,21.3
35,0.6,0.08,66,1000,325705469,196904,0.48484848484848486,1.0,0.027777777777777776,1.0,22.625
35,0.8,0.08,66,1000,163606464,88980,0.12121212121212122,1.0,0.005050505050505051,1.0,23.0
35,1.0,0.08,66,1000,149595758,74856,0.09090909090909091,1.0,0.003787878787878788,1.0,23.0
35,0.0,0.1,66,1000,3720528092,262580,1.0,0.5,1.0,0.8,966.0
35,0.2,0.1,66,1000,475099387,238832,0.9696969696969697,1.0,0.10858585858585859,1.0,21.25
35,0.4,0.1,66,1000,321580037,196508,0.48484848484848486,1.0,0.03282828282828283,1.0,22.1875
35,0.6,0.1,66,1000,161252989,84216,0.12121212121212122,1.0,0.005050505050505051,1.0,23.0
35,0.8,0.1,66,1000,127031829,55848,0.06060606060606061,1.0,0.0025252525252525255,1.0,23.0
35,1.0,0.1,66,1000,80321088,27720,0.030303030303030304,1.0,0.0012626262626262627,1.0,23.0
40,0.0,0.0,66,1000,3801074562,261228,1.0,0.5,1.0,0.8,966.0
40,0.2,0.0,66,1000,577421491,238816,1.0,0.8048780487804879,1.0,1.0,1.7575757575757576
40,0.4,0.0,66,1000,451639580,238752,1.0,0.8918918918918919,1.0,1.0,1.2121212121212122
40,0.6,0.0,66,1000,500633970,238688,1.0,0.868421052631579,1.0,1.0,0.6666666666666666
40,0.8,0.0,66,1000,515188537,238752,1.0,0.8461538461538461,1.0,1.0,0.696969696969697
40,1.0,0.0,66,1000,515506200,238752,1.0,0.9166666666666666,1.0,1.0,0.06060606060606061
40,0.0,0.02,66,1000,3663951543,261280,1.0,0.5,1.0,0.8,966.0
40,0.2,0.02,66,1000,489060215,238752,1.0,0.9166666666666666,0.8295454545454546,1.0,3.696969696969697
40,0.4,0.02,66,1000,490209974,238752,1.0,0.8918918918918919,0.6224747474747475,1.0,8.666666666666666
40,0.6,0.02,66,1000,511617286,238996,1.0,0.9166666666666666,0.41919191919191917,1.0,13.909090909090908
40,0.8,0.02,66,1000,480821202,238740,1.0,0.9428571428571428,0.32702020202020204,1.0,15.93939393939394
40,1.0,0.02,66,1000,504391382,238740,1.0,0.9428571428571428,0.2058080808080808,1.0,19.03030303030303
40,0.0,0.04,66,1000,4096132848,261052,1.0,0.5,1.0,0.8,966.0
40,0.2,0.04,66,1000,487844893,238684,1.0,0.825,0.5113636363636364,1.0,11.454545454545455
40,0.4,0.04,66,1000,548294433,238740,1.0,0.8918918918918919,0.2777777777777778,1.0,17.060606060606062
40,0.6,0.04,66,1000,482351456,238744,0.9696969696969697,0.9142857142857143,0.15656565656565657,1.0,20.0625
40,0.8,0.04,66,1000,424095467,238744,0.9696969696969697,0.9142857142857143,0.09595959595959595,1.0,21.625
40,1.0,0.04,66,1000,389723166,229304,0.7575757575757576,1.0,0.05176767676767677,1.0,22.32
40,0.0,0.06,66,1000,3847203688,261548,1.0,0.5,1.0,0.8,966.0
40,0.2,0.06,66,1000,478146278,238748,1.0,0.868421052631579,0.29797979797979796,1.0,16.545454545454547
40,0.4,0.06,66,1000,462858869,238744,0.9696969696969697,1.0,0.11994949494949494,1.0,20.96875
40,0.6,0.06,66,1000,417516415,238988,0.7575757575757576,0.9615384615384616,0.06691919191919192,1.0,21.84
40,0.8,0.06,66,1000,358531433,219992,0.6060606060606061,0.9523809523809523,0.03787878787878788,1.0,22.5
40,1.0,0.06,66,1000,238900317,135848,0.24242424242424243,1.0,0.012626262626262626,1.0,22.75
40,0.0,0.08,66,1000,3762682993,261240,1.0,0.5,1.0,0.8,966.0
40,0.2,0.08,66,1000,493291290,238992,0.9696969696969697,0.9142857142857143,0.15025252525252525,1.0,20.25
40,0.4,0.08,66,1000,441345634,238744,0.9090909090909091,0.967741935483871,0.06691919191919192,1.0,22.2
40,0.6,0.08,66,1000,265236371,154352,0.30303030303030304,0.9090909090909091,0.01893939393939394,1.0,22.6
40,0.8,0.08,66,1000,201761948,107468,0.30303030303030304,1.0,0.015151515151515152,1.0,22.8
40,1.0,0.08,66,1000,108791924,37136,0.030303030303030304,1.0,0.0012626262626262627,1.0,23.0
40,0.0,0.1,66,1000,3893359870,262288,1.0,0.5,1.0,0.8,966.0
40,0.2,0.1,66,1000,494240988,238996,0.9393939393939394,0.9117647058823529,0.08964646464646464,1.0,21.612903225806452
40,0.4,0.1,66,1000,278934079,158976,0.3333333333333333,1.0,0.021464646464646464,1.0,22.454545454545453
40,0.6,0.1,66,1000,195244210,103028,0.18181818181818182,1.0,0.008838383838383838,1.0,22.833333333333332
40,0.8,0.1,66,1000,100882380,51140,0.06060606060606061,1.0,0.0025252525252525255,1.0,23.0
40,1.0,0.1,66,1000,41506431,27420,0.0,0,0.0,0,nan
45,0.0,0.0,66,1000,3746731285,262100,1.0,0.5,1.0,0.8,966.0
45,0.2,0.0,66,1000,518874332,238732,1.0,0.825,1.0,1.0,0.6060606060606061
45,0.4,0.0,66,1000,521762365,238976,1.0,0.8461538461538461,1.0,1.0,0.8484848484848485
45,0.6,0.0,66,1000,508505493,238732,1.0,0.8461538461538461,1.0,1.0,0.8181818181818182
45,0.8,0.0,66,1000,492385633,238984,1.0,0.9428571428571428,1.0,1.0,0.24242424242424243
45,1.0,0.0,66,1000,465232379,238984,1.0,0.9166666666666666,1.0,1.0,0.5757575757575758
45,0.0,0.02,66,1000,3813257279,262076,1.0,0.5,1.0,0.8,966.0
45,0.2,0.02,66,1000,476555183,238732,1.0,0.868421052631579,0.6919191919191919,1.0,6.909090909090909
45,0.4,0.02,66,1000,464710202,238732,1.0,0.9428571428571428,0.5366161616161617,1.0,10.545454545454545
45,0.6,0.02,66,1000,458886014,238976,1.0,0.9166666666666666,0.3939393939393939,1.0,14.484848484848484
45,0.8,0.02,66,1000,488475008,238976,1.0,0.9428571428571428,0.3068181818181818,1.0,16.454545454545453
45,1.0,0.02,66,1000,608091146,238720,1.0,1.0,0.21464646464646464,1.0,18.818181818181817
45,0.0,0.04,66,1000,3635475265,262324,1.0,0.5,1.0,0.8,966.0
45,0.2,0.04,66,1000,534217530,239468,1.0,0.9428571428571428,0.44823232323232326,1.0,12.909090909090908
45,0.4,0.04,66,1000,453055186,238732,1.0,1.0,0.2638888888888889,1.0,17.333333333333332
45,0.6,0.04,66,1000,506008888,238720,1.0,0.9428571428571428,0.15404040404040403,1.0,20.242424242424242
45,0.8,0.04,66,1000,402234099,238968,0.8787878787878788,1.0,0.08207070707070707,1.0,21.689655172413794
45,1.0,0.04,66,1000,336857011,206336,0.696969696969697,0.9583333333333334,0.04671717171717172,1.0,22.391304347826086
45,0.0,0.06,66,1000,3683117087,262020,1.0,0.5,1.0,0.8,966.0
45,0.2,0.06,66,1000,518563574,238912,1.0,0.868421052631579,0.2297979797979798,1.0,18.454545454545453
45,0.4,0.06,66,1000,519674700,238980,0.9393939393939394,0.9393939393939394,0.1275252525252525,1.0,20.741935483870968
45,0.6,0.06,66,1000,420136244,238972,0.8181818181818182,0.9642857142857143,0.05555555555555555,1.0,22.296296296296298
45,0.8,0.06,66,1000,221362526,131128,0.21212121212121213,1.0,0.010101010101010102,1.0,22.857142857142858
45,1.0,0.06,66,1000,220471297,117072,0.18181818181818182,1.0,0.010101010101010102,1.0,22.666666666666668
45,0.0,0.08,66,1000,3730988340,262232,1.0,0.5,1.0,0.8,966.0
45,0.2,0.08,66,1000,438267145,238976,0.9696969696969697,1.0,0.125,1.0,20.65625
45,0.4,0.08,66,1000,374639839,229344,0.6666666666666666,1.0,0.05555555555555555,1.0,21.90909090909091
45,0.6,0.08,66,1000,267065129,159248,0.30303030303030304,1.0,0.017676767676767676,1.0,22.6
45,0.8,0.08,66,1000,117727485,56368,0.06060606060606061,1.0,0.0025252525252525255,1.0,23.0
45,1.0,0.08,66,1000,126085667,56056,0.06060606060606061,1.0,0.0025252525252525255,1.0,23.0
45,0.0,0.1,66,1000,3747719186,258812,1.0,0.5,1.0,0.8,966.0
45,0.2,0.1,66,1000,389624089,229748,0.7272727272727273,0.96,0.059343434343434344,1.0,22.041666666666668
45,0.4,0.1,66,1000,314262646,187400,0.42424242424242425,0.9333333333333333,0.023989898989898988,1.0,22.642857142857142
45,0.6,0.1,66,1000,132019502,65684,0.09090909090909091,1.0,0.003787878787878788,1.0,23.0
45,0.8,0.1,66,1000,142644451,75128,0.12121212121212122,1.0,0.005050505050505051,1.0,23.0
45,1.0,0.1,66,1000,33104930,27420,0.0,0,0.0,0,nan
50,0.0,0.0,66,1000,3728237773,262500,1.0,0.5,1.0,0.8,966.0
50,0.2,0.0,66,1000,484447608,238956,1.0,0.8918918918918919,1.0,1.0,1.4848484848484849
50,0.4,0.0,66,1000,565188986,238712,1.0,0.868421052631579,1.0,1.0,0.45454545454545453
50,0.6,0.0,66,1000,522075426,238952,1.0,0.825,1.0,1.0,0.0
50,0.8,0.0,66,1000,466154154,238704,1.0,0.9428571428571428,1.0,1.0,0.5454545454545454
50,1.0,0.0,66,1000,492416200,238708,1.0,0.9166666666666666,1.0,1.0,0.21212121212121213
50,0.0,0.02,66,1000,3760787882,262264,1.0,0.5,1.0,0.8,966.0
50,0.2,0.02,66,1000,476091962,238708,1.0,0.8918918918918919,0.6376262626262627,1.0,8.515151515151516
50,0.4,0.02,66,1000,524554251,238700,1.0,0.9166666666666666,0.494949494949495,1.0,11.606060606060606
50,0.6,0.02,66,1000,570778270,238700,1.0,0.9428571428571428,0.369949494949495,1.0,14.969696969696969
50,0.8,0.02,66,1000,441264804,238700,1.0,0.9166666666666666,0.27904040404040403,1.0,17.272727272727273
50,1.0,0.02,66,1000,499505555,238696,1.0,0.9428571428571428,0.22601010101010102,1.0,18.575757575757574
50,0.0,0.04,66,1000,3667050046,262772,1.0,0.5,1.0,0.8,966.0
50,0.2,0.04,66,1000,522278046,238944,1.0,0.9166666666666666,0.3686868686868687,1.0,14.909090909090908
50,0.4,0.04,66,1000,455328798,238704,1.0,0.9166666666666666,0.22348484848484848,1.0,18.454545454545453
50,0.6,0.04,66,1000,459331248,238700,0.9696969696969697,1.0,0.14772727272727273,1.0,20.25
50,0.8,0.04,66,1000,410758174,238696,0.8484848484848485,0.9333333333333333,0.07828282828282829,1.0,21.75
50,1.0,0.04,66,1000,393645460,238700,0.7878787878787878,0.9629629629629629,0.047979797979797977,1.0,22.5
50,0.0,0.06,66,1000,3672853295,262308,1.0,0.5,1.0,0.8,966.0
50,0.2,0.06,66,1000,470317002,238948,1.0,0.9705882352941176,0.1856060606060606,1.0,19.424242424242426
50,0.4,0.06,66,1000,384342208,238696,0.9090909090909091,1.0,0.08207070707070707,1.0,21.6
50,0.6,0.06,66,1000,397309424,238948,0.7575757575757576,0.9259259259259259,0.04419191919191919,1.0,22.6
50,0.8,0.06,66,1000,374280559,229572,0.6363636363636364,1.0,0.039141414141414144,1.0,22.523809523809526
50,1.0,0.06,66,1000,84391423,32372,0.030303030303030304,1.0,0.0012626262626262627,1.0,23.0
50,0.0,0.08,66,1000,3594609093,262124,1.0,0.5,1.0,0.8,966.0
50,0.2,0.08,66,1000,504942574,238696,0.8787878787878788,0.9666666666666667,0.09722222222222222,1.0,21.344827586206897
50,0.4,0.08,66,1000,373826605,215512,0.6666666666666666,1.0,0.045454545454545456,1.0,22.363636363636363
50,0.6,0.08,66,1000,262661456,163676,0.30303030303030304,1.0,0.013888888888888888,1.0,22.9
50,0.8,0.08,66,1000,189444991,107660,0.15151515151515152,1.0,0.006313131313131313,1.0,23.0
50,1.0,0.08,66,1000,39608526,25564,0.0,0,0.0,0,nan
50,0.0,0.1,66,1000,3788223318,262280,1.0,0.5,1.0,0.8,966.0
50,0.2,0.1,66,1000,377961013,238952,0.696969696969697,0.92,0.045454545454545456,1.0,22.391304347826086
50,0.4,0.1,66,1000,292511439,182436,0.36363636363636365,1.0,0.016414141414141416,1.0,22.833333333333332
50,0.6,0.1,66,1000,147871571,83976,0.12121212121212122,1.0,0.006313131313131313,1.0,22.75
50,0.8,0.1,66,1000,119827060,55844,0.06060606060606061,1.0,0.003787878787878788,1.0,22.5
50,1.0,0.1,66,1000,40027697,25564,0.0,0,0.0,0,nan
15,0.0,0.0,99,1000,5474006289,244728,1.0,0.494949494949495,1.0,0.7983706720977597,966.0
15,0.2,0.0,99,1000,1510672410,239632,1.0,0.7903225806451613,1.0,1.0,6.714285714285714
15,0.4,0.0,99,1000,1240927052,241036,1.0,0.7538461538461538,1.0,1.0,3.2244897959183674
15,0.6,0.0,99,1000,1146398622,241036,1.0,0.7424242424242424,1.0,1.0,1.7755102040816326
15,0.8,0.0,99,1000,1092661275,241044,1.0,0.7777777777777778,1.0,1.0,0.673469387755102
15,1.0,0.0,99,1000,1151454416,241020,1.0,0.875,1.0,1.0,1.2857142857142858
15,0.0,0.02,99,1000,5551651152,244448,1.0,0.494949494949495,1.0,0.7983706720977597,966.0
15,0.2,0.02,99,1000,1233105545,241424,1.0,0.7313432835820896,0.9987244897959183,0.9987244897959183,4.3061224489795915
15,0.4,0.02,99,1000,1262892128,241664,1.0,0.7424242424242424,0.9872448979591837,1.0,1.7142857142857142
15,0.6,0.02,99,1000,1086603265,241312,1.0,0.765625,0.8941326530612245,1.0,2.122448979591837
15,0.8,0.02,99,1000,937197829,241512,1.0,0.875,0.6096938775510204,1.0,5.795918367346939
15,1.0,0.02,99,1000,910832864,238924,0.9795918367346939,0.8888888888888888,0.20153061224489796,1.0,12.541666666666666
15,0.0,0.04,99,1000,5552007955,246524,1.0,0.494949494949495,1.0,0.7983706720977597,966.0
15,0.2,0.04,99,1000,1288244986,243588,1.0,0.7313432835820896,0.9974489795918368,1.0,4.795918367346939
15,0.4,0.04,99,1000,1174098553,241864,1.0,0.7903225806451613,0.8928571428571429,1.0,3.857142857142857
15,0.6,0.04,99,1000,1004948600,241004,1.0,0.7777777777777778,0.5867346938775511,1.0,6.26530612244898
15,0.8,0.04,99,1000,942112085,241020,1.0,0.9245283018867925,0.25637755102040816,1.0,11.775510204081632
15,1.0,0.04,99,1000,511013324,238808,0.46938775510204084,1.0,0.039540816326530615,1.0,14.652173913043478
15,0.0,0.06,99,1000,5340913888,244556,1.0,0.494949494949495,1.0,0.7983706720977597,966.0
15,0.2,0.06,99,1000,1092740211,241244,1.0,0.7777777777777778,0.9387755102040817,0.9986431478968792,3.8979591836734695
15,0.4,0.06,99,1000,1183956974,241468,1.0,0.7903225806451613,0.6568877551020408,1.0,5.061224489795919
15,0.6,0.06,99,1000,838499568,238804,1.0,0.8596491228070176,0.30739795918367346,1.0,10.755102040816327
15,0.8,0.06,99,1000,651440752,238808,0.7142857142857143,0.8974358974358975,0.07908163265306123,1.0,14.2
15,1.0,0.06,99,1000,213612957,126284,0.12244897959183673,1.0,0.007653061224489796,1.0,15.0
15,0.0,0.08,99,1000,5414358979,247324,1.0,0.494949494949495,1.0,0.7983706720977597,966.0
15,0.2,0.08,99,1000,1568327550,242060,1.0,0.7424242424242424,0.8533163265306123,1.0,3.8979591836734695
15,0.4,0.08,99,1000,1161612918,243908,1.0,0.8305084745762712,0.47959183673469385,1.0,7.285714285714286
15,0.6,0.08,99,1000,916973918,241276,0.8979591836734694,0.88,0.13010204081632654,1.0,13.545454545454545
15,0.8,0.08,99,1000,388228245,234460,0.3469387755102041,1.0,0.025510204081632654,1.0,14.823529411764707
15,1.0,0.08,99,1000,117892307,37356,0.02040816326530612,1.0,0.0012755102040816326,1.0,15.0
15,0.0,0.1,99,1000,5398534122,247008,1.0,0.494949494949495,1.0,0.7983706720977597,966.0
15,0.2,0.1,99,1000,1191206464,243900,1.0,0.7538461538461538,0.7117346938775511,1.0,4.836734693877551
15,0.4,0.1,99,1000,855689961,238928,1.0,0.875,0.26658163265306123,1.0,11.0
15,0.6,0.1,99,1000,649742404,238928,0.6530612244897959,0.8648648648648649,0.06505102040816327,1.0,14.375
15,0.8,0.1,99,1000,301546859,163936,0.16326530612244897,1.0,0.01020408163265306,1.0,15.0
15,1.0,0.1,99,1000,54659527,25592,0.0,0,0.0,0,nan
20,0.0,0.0,99,1000,5804982399,246484,1.0,0.494949494949495,1.0,0.7983706720977597,966.0
20,0.2,0.0,99,1000,1415016814,242832,1.0,0.7205882352941176,1.0,1.0,3.7346938775510203
20,0.4,0.0,99,1000,1500844107,243828,1.0,0.7313432835820896,1.0,1.0,3.36734693877551
20,0.6,0.0,99,1000,1302666851,243864,1.0,0.7424242424242424,1.0,1.0,0.9387755102040817
20,0.8,0.0,99,1000,1110928102,241856,1.0,0.7903225806451613,1.0,1.0,0.4489795918367347
20,1.0,0.0,99,1000,1025931290,241024,1.0,0.8032786885245902,1.0,1.0,0.20408163265306123
20,0.0,0.02,99,1000,5710763179,244216,1.0,0.494949494949495,1.0,0.7983706720977597,966.0
20,0.2,0.02,99,1000,1373868581,241664,1.0,0.7903225806451613,0.9910714285714286,1.0,3.4081632653061225
20,0.4,0.02,99,1000,1405119232,241448,1.0,0.8032786885245902,0.9285714285714286,1.0,3.3877551020408165
20,0.6,0.02,99,1000,992722332,238784,1.0,0.7777777777777778,0.7385204081632653,1.0,4.020408163265306
20,0.8,0.02,99,1000,880416481,240996,1.0,0.8166666666666667,0.375,1.0,9.714285714285714
20,1.0,0.02,99,1000,819069421,240972,0.9795918367346939,0.9411764705882353,0.21301020408163265,1.0,12.416666666666666
20,0.0,0.04,99,1000,5424041958,244932,1.0,0.494949494949495,1.0,0.7983706720977597,966.0
20,0.2,0.04,99,1000,1112568915,241008,1.0,0.765625,0.9298469387755102,1.0,3.7755102040816326
20,0.4,0.04,99,1000,1213301361,243396,1.0,0.8448275862068966,0.7002551020408163,0.9963702359346642,4.020408163265306
20,0.6,0.04,99,1000,1141914604,241244,1.0,0.8032786885245902,0.3852040816326531,1.0,8.979591836734693
20,0.8,0.04,99,1000,724059797,240968,0.8979591836734694,0.9361702127659575,0.1441326530612245,1.0,13.318181818181818
20,1.0,0.04,99,1000,597138265,238780,0.5714285714285714,0.9655172413793104,0.04591836734693878,1.0,14.5
20,0.0,0.06,99,1000,5397421950,244500,1.0,0.494949494949495,1.0,0.7983706720977597,966.0
20,0.2,0.06,99,1000,1115886455,238784,1.0,0.7313432835820896,0.7895408163265306,1.0,3.3877551020408165
20,0.4,0.06,99,1000,1274308553,241060,1.0,0.8305084745762712,0.4489795918367347,1.0,8.244897959183673
20,0.6,0.06,99,1000,964310721,240968,1.0,0.9074074074074074,0.18239795918367346,1.0,12.673469387755102
20,0.8,0.06,99,1000,487271773,238912,0.4897959183673469,0.96,0.03571428571428571,1.0,14.791666666666666
20,1.0,0.06,99,1000,275996606,145164,0.1836734693877551,1.0,0.007653061224489796,1.0,15.0
20,0.0,0.08,99,1000,5378478411,245988,1.0,0.494949494949495,1.0,0.7983706720977597,966.0
20,0.2,0.08,99,1000,1152978333,241248,1.0,0.7538461538461538,0.6275510204081632,1.0,5.142857142857143
20,0.4,0.08,99,1000,1004585461,241024,1.0,0.8166666666666667,0.25,1.0,11.89795918367347
20,0.6,0.08,99,1000,620958655,240968,0.6530612244897959,0.8888888888888888,0.07015306122448979,1.0,14.25
20,0.8,0.08,99,1000,293664707,168452,0.16326530612244897,1.0,0.007653061224489796,1.0,15.0
20,1.0,0.08,99,1000,116709471,51244,0.04081632653061224,1.0,0.002551020408163265,1.0,15.0
20,0.0,0.1,99,1000,5561877897,244828,1.0,0.494949494949495,1.0,0.7983706720977597,966.0
20,0.2,0.1,99,1000,1424894275,241028,1.0,0.7903225806451613,0.44642857142857145,1.0,7.938775510204081
20,0.4,0.1,99,1000,1015619708,238776,0.9591836734693877,0.8867924528301887,0.1568877551020408,1.0,13.106382978723405
20,0.6,0.1,99,1000,404215298,234096,0.3877551020408163,1.0,0.03188775510204082,1.0,14.631578947368421
20,0.8,0.1,99,1000,179965475,98128,0.08163265306122448,1.0,0.00510204081632653,1.0,15.0
20,1.0,0.1,99,1000,41809422,25220,0.0,0,0.0,0,nan
25,0.0,0.0,99,1000,5689691200,246768,1.0,0.494949494949495,1.0,0.7983706720977597,966.0
25,0.2,0.0,99,1000,1291120139,243376,0.9591836734693877,0.7121212121212122,0.9642857142857143,1.0,2.382978723404255
25,0.4,0.0,99,1000,1271432914,243640,1.0,0.7424242424242424,1.0,1.0,1.8571428571428572
25,0.6,0.0,99,1000,957253479,241464,0.9387755102040817,0.7931034482758621,0.9528061224489796,1.0,2.108695652173913
25,0.8,0.0,99,1000,1010761964,241720,0.9591836734693877,0.7704918032786885,0.9681122448979592,0.9986842105263158,0.5106382978723404
25,1.0,0.0,99,1000,1163306691,241564,1.0,0.8596491228070176,1.0,1.0,0.6326530612244898
25,0.0,0.02,99,1000,5672811220,247628,1.0,0.494949494949495,1.0,0.7983706720977597,966.0
25,0.2,0.02,99,1000,1116196715,243908,0.9795918367346939,0.8135593220338984,0.9617346938775511,1.0,3.1458333333333335
25,0.4,0.02,99,1000,1150406561,241184,1.0,0.8166666666666667,0.8507653061224489,1.0,3.5714285714285716
25,0.6,0.02,99,1000,981891346,241700,0.9795918367346939,0.8,0.6709183673469388,1.0,4.729166666666667
25,0.8,0.02,99,1000,854331127,241728,0.9387755102040817,0.8363636363636363,0.3125,1.0,10.608695652173912
25,1.0,0.02,99,1000,874144470,241444,0.9795918367346939,0.96,0.22448979591836735,1.0,12.229166666666666
25,0.0,0.04,99,1000,5426403406,247168,1.0,0.494949494949495,1.0,0.7983706720977597,966.0
25,0.2,0.04,99,1000,1111422294,243644,0.9591836734693877,0.7966101694915254,0.8035714285714286,1.0,3.404255319148936
25,0.4,0.04,99,1000,1111972987,241452,0.9591836734693877,0.7833333333333333,0.5510204081632653,1.0,6.276595744680851
25,0.6,0.04,99,1000,887324401,241672,0.9795918367346939,0.8571428571428571,0.32653061224489793,1.0,10.666666666666666
25,0.8,0.04,99,1000,795466135,239080,0.8571428571428571,0.9333333333333333,0.10459183673469388,1.0,13.785714285714286
25,1.0,0.04,99,1000,483794417,238760,0.5102040816326531,1.0,0.044642857142857144,1.0,14.6
25,0.0,0.06,99,1000,5653812244,247184,1.0,0.494949494949495,1.0,0.7983706720977597,966.0
25,0.2,0.06,99,1000,1002425858,241228,0.9387755102040817,0.7419354838709677,0.6275510204081632,1.0,4.934782608695652
25,0.4,0.06,99,1000,884213617,241512,0.9591836734693877,0.8392857142857143,0.2729591836734694,1.0,11.27659574468085
25,0.6,0.06,99,1000,788479523,241224,0.9183673469387755,0.9375,0.12627551020408162,1.0,13.688888888888888
25,0.8,0.06,99,1000,434916235,239388,0.42857142857142855,0.9130434782608695,0.029336734693877552,1.0,14.904761904761905
25,1.0,0.06,99,1000,249230613,154868,0.20408163265306123,1.0,0.012755102040816327,1.0,14.9
25,0.0,0.08,99,1000,5500663573,246732,1.0,0.494949494949495,1.0,0.7983706720977597,966.0
25,0.2,0.08,99,1000,919272406,238856,0.9591836734693877,0.8245614035087719,0.45663265306122447,1.0,8.106382978723405
25,0.4,0.08,99,1000,843575912,239008,0.9387755102040817,0.9019607843137255,0.17729591836734693,1.0,12.5
25,0.6,0.08,99,1000,501124302,239388,0.4489795918367347,0.8461538461538461,0.04336734693877551,1.0,14.318181818181818
25,0.8,0.08,99,1000,322897016,206060,0.22448979591836735,1.0,0.012755102040816327,1.0,15.0
25,1.0,0.08,99,1000,63356573,25232,0.0,0,0.0,0,nan
25,0.0,0.1,99,1000,5532395295,247192,1.0,0.494949494949495,1.0,0.7983706720977597,966.0
25,0.2,0.1,99,1000,909164893,240960,0.9795918367346939,0.8275862068965517,0.25255102040816324,1.0,11.625
25,0.4,0.1,99,1000,636522059,239148,0.7551020408163265,0.8809523809523809,0.08290816326530612,1.0,14.108108108108109
25,0.6,0.1,99,1000,299348333,178212,0.1836734693877551,1.0,0.012755102040816327,1.0,14.88888888888889
25,0.8,0.1,99,1000,100537945,37324,0.02040816326530612,1.0,0.0012755102040816326,1.0,15.0
25,1.0,0.1,99,1000,37077612,25236,0.0,0,0.0,0,nan
30,0.0,0.0,99,1000,5577126820,251656,1.0,0.494949494949495,1.0,0.7983706720977597,966.0
30,0.2,0.0,99,1000,1254475465,241376,1.0,0.7,1.0,1.0,1.8979591836734695
30,0.4,0.0,99,1000,1348017634,240932,1.0,0.7777777777777778,1.0,1.0,1.7755102040816326
30,0.6,0.0,99,1000,1185822084,241260,1.0,0.765625,1.0,1.0,1.2448979591836735
30,0.8,0.0,99,1000,1114341621,241408,1.0,0.7777777777777778,1.0,1.0,0.3877551020408163
30,1.0,0.0,99,1000,1102583552,241600,1.0,0.7903225806451613,1.0,1.0,0.24489795918367346
30,0.0,0.02,99,1000,5516536824,251388,1.0,0.494949494949495,1.0,0.7983706720977597,966.0
30,0.2,0.02,99,1000,1319293509,243576,1.0,0.7313432835820896,0.9247448979591837,0.9986225895316805,3.5918367346938775
30,0.4,0.02,99,1000,1077588716,241204,1.0,0.8032786885245902,0.7844387755102041,1.0,3.020408163265306
30,0.6,0.02,99,1000,956434277,241448,1.0,0.8448275862068966,0.5012755102040817,1.0,7.530612244897959
30,0.8,0.02,99,1000,960983038,241204,1.0,0.8305084745762712,0.34183673469387754,1.0,10.16326530612245
30,1.0,0.02,99,1000,879648154,239104,1.0,0.8448275862068966,0.22831632653061223,1.0,12.285714285714286
30,0.0,0.04,99,1000,5569313108,251416,1.0,0.494949494949495,1.0,0.7983706720977597,966.0
30,0.2,0.04,99,1000,1327865196,241672,1.0,0.7205882352941176,0.7193877551020408,1.0,4.224489795918367
30,0.4,0.04,99,1000,1181565037,241464,1.0,0.7777777777777778,0.461734693877551,1.0,8.387755102040817
30,0.6,0.04,99,1000,940848297,240924,0.9795918367346939,0.8571428571428571,0.19642857142857142,1.0,12.645833333333334
30,0.8,0.04,99,1000,718325041,240920,0.7959183673469388,0.9069767441860465,0.09311224489795919,1.0,14.025641025641026
30,1.0,0.04,99,1000,575964660,238976,0.5714285714285714,1.0,0.047193877551020405,1.0,14.678571428571429
30,0.0,0.06,99,1000,5379542448,251404,1.0,0.494949494949495,1.0,0.7983706720977597,966.0
30,0.2,0.06,99,1000,1407364268,244460,1.0,0.7777777777777778,0.4923469387755102,1.0,6.938775510204081
30,0.4,0.06,99,1000,973302776,241196,1.0,0.8596491228070176,0.23341836734693877,1.0,11.938775510204081
30,0.6,0.06,99,1000,767176324,238736,0.7755102040816326,0.9047619047619048,0.08801020408163265,1.0,14.105263157894736
30,0.8,0.06,99,1000,437843892,238736,0.40816326530612246,1.0,0.030612244897959183,1.0,14.8
30,1.0,0.06,99,1000,332448998,205912,0.1836734693877551,0.9,0.011479591836734694,1.0,15.0
30,0.0,0.08,99,1000,5522836530,251152,1.0,0.494949494949495,1.0,0.7983706720977597,966.0
30,0.2,0.08,99,1000,1054493362,240924,1.0,0.8448275862068966,0.3163265306122449,1.0,10.510204081632653
30,0.4,0.08,99,1000,1012717038,241224,0.8367346938775511,0.8367346938775511,0.12755102040816327,1.0,13.390243902439025
30,0.6,0.08,99,1000,450995794,238988,0.3877551020408163,1.0,0.025510204081632654,1.0,14.894736842105264
30,0.8,0.08,99,1000,91708625,37380,0.02040816326530612,1.0,0.0012755102040816326,1.0,15.0
30,1.0,0.08,99,1000,43752616,25244,0.0,0,0.0,0,nan
30,0.0,0.1,99,1000,5472820189,251152,1.0,0.494949494949495,1.0,0.7983706720977597,966.0
30,0.2,0.1,99,1000,1050895495,240944,0.9591836734693877,0.8545454545454545,0.1951530612244898,0.9935064935064936,12.638297872340425
30,0.4,0.1,99,1000,752204236,241436,0.7755102040816326,0.9047619047619048,0.0548469387755102,0.9772727272727273,14.81578947368421
30,0.6,0.1,99,1000,232944989,131308,0.14285714285714285,1.0,0.01020408163265306,1.0,14.857142857142858
30,0.8,0.1,99,1000,166886672,42104,0.02040816326530612,1.0,0.0012755102040816326,1.0,15.0
30,1.0,0.1,99,1000,47793324,25244,0.0,0,0.0,0,nan
35,0.0,0.0,99,1000,5571017373,245728,1.0,0.494949494949495,1.0,0.7983706720977597,966.0
35,0.2,0.0,99,1000,1164338962,242324,1.0,0.7424242424242424,1.0,0.9987261146496815,0.9183673469387755
35,0.4,0.0,99,1000,1098888266,241448,1.0,0.8305084745762712,1.0,1.0,1.7959183673469388
35,0.6,0.0,99,1000,1199405431,241420,1.0,0.8032786885245902,1.0,0.9987261146496815,1.2857142857142858
35,0.8,0.0,99,1000,1152733623,240968,1.0,0.8032786885245902,1.0,0.9987261146496815,0.8775510204081632
35,1.0,0.0,99,1000,1120052293,240968,1.0,0.7903225806451613,1.0,1.0,0.42857142857142855
35,0.0,0.02,99,1000,5423356525,244564,1.0,0.494949494949495,1.0,0.7983706720977597,966.0
35,0.2,0.02,99,1000,1354190662,244848,1.0,0.8305084745762712,0.8647959183673469,1.0,3.5918367346938775
35,0.4,0.02,99,1000,1080566012,241200,1.0,0.7903225806451613,0.7270408163265306,1.0,4.061224489795919
35,0.6,0.02,99,1000,1044466764,238844,1.0,0.8032786885245902,0.4642857142857143,1.0,7.979591836734694
35,0.8,0.02,99,1000,976025965,241412,1.0,0.8448275862068966,0.3022959183673469,1.0,11.0
35,1.0,0.02,99,1000,846389894,238712,1.0,0.8909090909090909,0.2181122448979592,1.0,12.46938775510204
35,0.0,0.04,99,1000,5541690679,244940,1.0,0.494949494949495,1.0,0.7983706720977597,966.0
35,0.2,0.04,99,1000,1026541505,240912,1.0,0.8032786885245902,0.5931122448979592,1.0,5.836734693877551
35,0.4,0.04,99,1000,1028526115,241392,1.0,0.8448275862068966,0.3737244897959184,1.0,9.489795918367347
35,0.6,0.04,99,1000,896835721,238772,0.9183673469387755,0.8653846153846154,0.16581632653061223,1.0,12.8
35,0.8,0.04,99,1000,718381514,240904,0.7551020408163265,0.9487179487179487,0.08673469387755102,1.0,14.08108108108108
35,1.0,0.04,99,1000,638063411,238716,0.673469387755102,0.9166666666666666,0.061224489795918366,1.0,14.484848484848484
35,0.0,0.06,99,1000,5518962327,245704,1.0,0.494949494949495,1.0,0.7983706720977597,966.0
35,0.2,0.06,99,1000,1250803260,241152,1.0,0.8166666666666667,0.3877551020408163,1.0,9.346938775510203
35,0.4,0.06,99,1000,864587011,241112,0.9387755102040817,0.8846153846153846,0.21301020408163265,1.0,12.369565217391305
35,0.6,0.06,99,1000,795130149,239344,0.7346938775510204,0.8780487804878049,0.08418367346938775,1.0,14.027777777777779
35,0.8,0.06,99,1000,266038589,159324,0.1836734693877551,0.9,0.017857142857142856,1.0,14.444444444444445
35,1.0,0.06,99,1000,342015657,211232,0.24489795918367346,1.0,0.015306122448979591,1.0,14.916666666666666
35,0.0,0.08,99,1000,5662796507,245540,1.0,0.494949494949495,1.0,0.7983706720977597,966.0
35,0.2,0.08,99,1000,964402920,240956,1.0,0.875,0.2372448979591837,1.0,11.857142857142858
35,0.4,0.08,99,1000,653779200,238768,0.7142857142857143,0.9210526315789473,0.0778061224489796,1.0,14.257142857142858
35,0.6,0.08,99,1000,344611716,210640,0.30612244897959184,0.9375,0.02295918367346939,1.0,14.666666666666666
35,0.8,0.08,99,1000,255070875,154380,0.16326530612244897,1.0,0.007653061224489796,1.0,15.0
35,1.0,0.08,99,1000,134748344,65536,0.04081632653061224,1.0,0.002551020408163265,1.0,15.0
35,0.0,0.1,99,1000,5375640950,245540,1.0,0.494949494949495,1.0,0.7983706720977597,966.0
35,0.2,0.1,99,1000,777346312,238824,0.8163265306122449,0.851063829787234,0.125,1.0,13.3
35,0.4,0.1,99,1000,384300802,238840,0.3469387755102041,1.0,0.02423469387755102,1.0,14.764705882352942
35,0.6,0.1,99,1000,260269296,145256,0.1836734693877551,1.0,0.01020408163265306,1.0,14.88888888888889
35,0.8,0.1,99,1000,177689715,93368,0.04081632653061224,0.5,0.002551020408163265,1.0,15.0
35,1.0,0.1,99,1000,39616696,25248,0.0,0,0.0,0,nan
40,0.0,0.0,99,1000,5609054965,244332,1.0,0.494949494949495,1.0,0.7983706720977597,966.0
40,0.2,0.0,99,1000,1696280060,243972,1.0,0.7903225806451613,1.0,0.9987261146496815,3.122448979591837
40,0.4,0.0,99,1000,1044005923,241032,1.0,0.8166666666666667,1.0,1.0,0.9387755102040817
40,0.6,0.0,99,1000,1090180516,241132,1.0,0.8032786885245902,1.0,1.0,1.0408163265306123
40,0.8,0.0,99,1000,926285422,241160,1.0,0.875,1.0,1.0,0.6122448979591837
40,1.0,0.0,99,1000,1007332862,241112,1.0,0.8448275862068966,1.0,0.9987261146496815,0.3673469387755102
40,0.0,0.02,99,1000,5490305425,244100,1.0,0.494949494949495,1.0,0.7983706720977597,966.0
40,0.2,0.02,99,1000,1025598670,241120,1.0,0.7777777777777778,0.8137755102040817,1.0,3.0
40,0.4,0.02,99,1000,1389707734,241576,1.0,0.8032786885245902,0.6007653061224489,1.0,5.244897959183674
40,0.6,0.02,99,1000,1088770052,241104,1.0,0.8596491228070176,0.45663265306122447,1.0,8.46938775510204
40,0.8,0.02,99,1000,799173534,238692,1.0,0.8909090909090909,0.31505102040816324,1.0,10.755102040816327
40,1.0,0.02,99,1000,783938585,238936,0.9795918367346939,0.9230769230769231,0.21683673469387754,1.0,12.375
40,0.0,0.04,99,1000,5427704082,244092,1.0,0.494949494949495,1.0,0.7983706720977597,966.0
40,0.2,0.04,99,1000,1279830181,243280,1.0,0.7538461538461538,0.5153061224489796,1.0,7.040816326530612
40,0.4,0.04,99,1000,914772556,240884,1.0,0.875,0.28316326530612246,1.0,11.244897959183673
40,0.6,0.04,99,1000,885402826,238768,0.9387755102040817,0.8846153846153846,0.16964285714285715,1.0,12.91304347826087
40,0.8,0.04,99,1000,719370925,238936,0.7755102040816326,0.926829268292683,0.08545918367346939,1.0,14.210526315789474
40,1.0,0.04,99,1000,520624676,238688,0.5510204081632653,0.9642857142857143,0.05357142857142857,1.0,14.37037037037037
40,0.0,0.06,99,1000,5496009886,244240,1.0,0.494949494949495,1.0,0.7983706720977597,966.0
40,0.2,0.06,99,1000,987571876,240928,1.0,0.8166666666666667,0.3125,1.0,10.46938775510204
40,0.4,0.06,99,1000,806516020,239028,0.9591836734693877,0.8545454545454545,0.15051020408163265,1.0,13.212765957446809
40,0.6,0.06,99,1000,546890207,238688,0.6326530612244898,1.0,0.058673469387755105,1.0,14.387096774193548
40,0.8,0.06,99,1000,366010377,220248,0.3469387755102041,1.0,0.029336734693877552,1.0,14.647058823529411
40,1.0,0.06,99,1000,240905475,140288,0.12244897959183673,1.0,0.008928571428571428,1.0,14.833333333333334
40,0.0,0.08,99,1000,5502215353,246912,1.0,0.494949494949495,1.0,0.7983706720977597,966.0
40,0.2,0.08,99,1000,947185594,241360,0.9795918367346939,0.8135593220338984,0.1683673469387755,1.0,12.916666666666666
40,0.4,0.08,99,1000,610449303,238752,0.5918367346938775,0.8787878787878788,0.061224489795918366,1.0,14.275862068965518
40,0.6,0.08,99,1000,429115106,238932,0.3877551020408163,1.0,0.029336734693877552,1.0,14.736842105263158
40,0.8,0.08,99,1000,219919835,98096,0.061224489795918366,1.0,0.003826530612244898,1.0,15.0
40,1.0,0.08,99,1000,118524942,60780,0.04081632653061224,1.0,0.002551020408163265,1.0,15.0
40,0.0,0.1,99,1000,5594008417,244092,1.0,0.494949494949495,1.0,0.7983706720977597,966.0
40,0.2,0.1,99,1000,705716586,238692,0.7142857142857143,0.813953488372093,0.06887755102040816,1.0,14.428571428571429
40,0.4,0.1,99,1000,439190438,238752,0.4489795918367347,1.0,0.02806122448979592,1.0,15.0
40,0.6,0.1,99,1000,209510932,116852,0.10204081632653061,1.0,0.006377551020408163,1.0,15.0
40,0.8,0.1,99,1000,144228070,69960,0.04081632653061224,1.0,0.002551020408163265,1.0,15.0
40,1.0,0.1,99,1000,87730221,37148,0.02040816326530612,1.0,0.0012755102040816326,1.0,15.0
45,0.0,0.0,99,1000,5450881104,246428,1.0,0.494949494949495,1.0,0.7983706720977597,966.0
45,0.2,0.0,99,1000,1072801150,241348,0.8571428571428571,0.7368421052631579,0.8571428571428571,1.0,0.7857142857142857
45,0.4,0.0,99,1000,1140838477,241632,0.9183673469387755,0.7627118644067796,0.9209183673469388,1.0,1.0222222222222221
45,0.6,0.0,99,1000,1067152746,241380,0.8979591836734694,0.8148148148148148,0.8992346938775511,1.0,1.1818181818181819
45,0.8,0.0,99,1000,888667422,241108,0.8571428571428571,0.7636363636363637,0.860969387755102,1.0,0.42857142857142855
45,1.0,0.0,99,1000,881219648,241124,0.9183673469387755,0.7627118644067796,0.9260204081632653,1.0,0.7333333333333333
45,0.0,0.02,99,1000,5572226782,246436,1.0,0.494949494949495,1.0,0.7983706720977597,966.0
45,0.2,0.02,99,1000,1086094970,241108,0.8979591836734694,0.8301886792452831,0.6683673469387755,1.0,4.386363636363637
45,0.4,0.02,99,1000,890633590,241352,0.9591836734693877,0.7966101694915254,0.5216836734693877,1.0,6.914893617021277
45,0.6,0.02,99,1000,911742051,241124,0.8979591836734694,0.8,0.39285714285714285,0.9967637540453075,8.477272727272727
45,0.8,0.02,99,1000,874644754,241116,0.9183673469387755,0.9,0.29336734693877553,1.0,10.71111111111111
45,1.0,0.02,99,1000,676620232,238972,0.8775510204081632,0.9347826086956522,0.20280612244897958,1.0,12.209302325581396
45,0.0,0.04,99,1000,5691573839,247072,1.0,0.494949494949495,1.0,0.7983706720977597,966.0
45,0.2,0.04,99,1000,1041916544,240880,0.9387755102040817,0.7666666666666667,0.39158163265306123,1.0,8.847826086956522
45,0.4,0.04,99,1000,848498142,241076,0.8979591836734694,0.8627450980392157,0.23341836734693877,1.0,11.454545454545455
45,0.6,0.04,99,1000,708801608,239244,0.7755102040816326,0.926829268292683,0.11224489795918367,1.0,13.578947368421053
45,0.8,0.04,99,1000,593606809,238720,0.7142857142857143,0.9459459459459459,0.07525510204081633,1.0,14.2
45,1.0,0.04,99,1000,536493919,238976,0.5306122448979592,0.896551724137931,0.044642857142857144,1.0,14.653846153846153
45,0.0,0.06,99,1000,5631436644,246616,1.0,0.494949494949495,1.0,0.7983706720977597,966.0
45,0.2,0.06,99,1000,946980854,241372,0.9387755102040817,0.8846153846153846,0.21556122448979592,1.0,12.08695652173913
45,0.4,0.06,99,1000,748524153,238916,0.7959183673469388,0.8478260869565217,0.11096938775510204,1.0,13.64102564102564
45,0.6,0.06,99,1000,476806352,239232,0.46938775510204084,0.92,0.04974489795918367,1.0,14.304347826086957
45,0.8,0.06,99,1000,324705467,199384,0.32653061224489793,1.0,0.02040816326530612,1.0,14.875
45,1.0,0.06,99,1000,219833510,122520,0.10204081632653061,1.0,0.006377551020408163,1.0,15.0
45,0.0,0.08,99,1000,5420781354,246544,1.0,0.494949494949495,1.0,0.7983706720977597,966.0
45,0.2,0.08,99,1000,713227804,238976,0.7551020408163265,0.8809523809523809,0.10586734693877552,1.0,13.756756756756756
45,0.4,0.08,99,1000,573194161,238732,0.4897959183673469,0.8888888888888888,0.047193877551020405,1.0,14.375
45,0.6,0.08,99,1000,306032184,157184,0.20408163265306123,0.9090909090909091,0.01403061224489796,1.0,14.6
45,0.8,0.08,99,1000,103341885,39720,0.02040816326530612,1.0,0.002551020408163265,1.0,14.0
45,1.0,0.08,99,1000,120395831,56120,0.04081632653061224,1.0,0.002551020408163265,1.0,15.0
45,0.0,0.1,99,1000,5342741898,244136,1.0,0.494949494949495,1.0,0.7983706720977597,966.0
45,0.2,0.1,99,1000,577883173,239228,0.5918367346938775,0.8285714285714286,0.05739795918367347,1.0,14.379310344827585
45,0.4,0.1,99,1000,450255675,239228,0.2857142857142857,0.875,0.01913265306122449,1.0,14.785714285714286
45,0.6,0.1,99,1000,150941247,75132,0.061224489795918366,1.0,0.003826530612244898,1.0,15.0
45,0.8,0.1,99,1000,71991437,25248,0.0,0,0.0,0,nan
45,1.0,0.1,99,1000,40124603,25248,0.0,0,0.0,0,nan
50,0.0,0.0,99,1000,5580430413,246644,1.0,0.494949494949495,1.0,0.7983706720977597,966.0
50,0.2,0.0,99,1000,1287884303,243268,1.0,0.7313432835820896,1.0,1.0,1.5510204081632653
50,0.4,0.0,99,1000,1056101076,241236,1.0,0.7538461538461538,1.0,1.0,0.7755102040816326
50,0.6,0.0,99,1000,1115202624,243796,1.0,0.7903225806451613,1.0,1.0,0.673469387755102
50,0.8,0.0,99,1000,1326971837,240876,1.0,0.8596491228070176,1.0,1.0,1.3265306122448979
50,1.0,0.0,99,1000,1212736080,241764,1.0,0.8596491228070176,1.0,1.0,1.0816326530612246
50,0.0,0.02,99,1000,5443729410,246640,1.0,0.494949494949495,1.0,0.7983706720977597,966.0
50,0.2,0.02,99,1000,1115238145,241092,1.0,0.8305084745762712,0.6696428571428571,1.0,4.551020408163265
50,0.4,0.02,99,1000,1099551973,241328,1.0,0.8596491228070176,0.5076530612244898,1.0,7.224489795918367
50,0.6,0.02,99,1000,990949969,240840,1.0,0.9074074074074074,0.3673469387755102,1.0,9.693877551020408
50,0.8,0.02,99,1000,969641276,240836,1.0,0.8305084745762712,0.29209183673469385,1.0,11.122448979591837
50,1.0,0.02,99,1000,851526739,241116,0.9795918367346939,0.8888888888888888,0.21428571428571427,1.0,12.395833333333334
50,0.0,0.04,99,1000,5392480681,246640,1.0,0.494949494949495,1.0,0.7983706720977597,966.0
50,0.2,0.04,99,1000,1198655504,241084,1.0,0.8305084745762712,0.33290816326530615,1.0,10.244897959183673
50,0.4,0.04,99,1000,963483651,241076,0.9591836734693877,0.8545454545454545,0.21301020408163265,1.0,12.361702127659575
50,0.6,0.04,99,1000,885639563,240828,0.9183673469387755,0.9375,0.13520408163265307,1.0,13.577777777777778
50,0.8,0.04,99,1000,614731606,238960,0.6938775510204082,0.9444444444444444,0.0778061224489796,1.0,14.0
50,1.0,0.04,99,1000,491448266,238704,0.42857142857142855,1.0,0.03188775510204082,1.0,14.666666666666666
50,0.0,0.06,99,1000,5665931707,246892,1.0,0.494949494949495,1.0,0.7983706720977597,966.0
50,0.2,0.06,99,1000,959465618,241356,0.9591836734693877,0.9215686274509803,0.19770408163265307,1.0,12.46808510638298
50,0.4,0.06,99,1000,748719648,238944,0.7551020408163265,0.925,0.09693877551020408,1.0,13.756756756756756
50,0.6,0.06,99,1000,692857694,238700,0.5510204081632653,0.8709677419354839,0.044642857142857144,1.0,14.703703703703704
50,0.8,0.06,99,1000,463006553,238956,0.4489795918367347,1.0,0.02806122448979592,1.0,15.0
50,1.0,0.06,99,1000,259479774,154560,0.16326530612244897,1.0,0.01020408163265306,1.0,15.0
50,0.0,0.08,99,1000,5483584048,246836,1.0,0.494949494949495,1.0,0.7983706720977597,966.0
50,0.2,0.08,99,1000,733338061,238692,0.7551020408163265,0.8222222222222222,0.08545918367346939,1.0,14.08108108108108
50,0.4,0.08,99,1000,531802383,238704,0.5306122448979592,0.8666666666666667,0.042091836734693876,1.0,14.692307692307692
50,0.6,0.08,99,1000,173622921,93604,0.08163265306122448,1.0,0.00510204081632653,1.0,15.0
50,0.8,0.08,99,1000,243921089,140244,0.12244897959183673,1.0,0.007653061224489796,1.0,15.0
50,1.0,0.08,99,1000,98801962,41968,0.04081632653061224,1.0,0.002551020408163265,1.0,15.0
50,0.0,0.1,99,1000,5694167545,246644,1.0,0.494949494949495,1.0,0.7983706720977597,966.0
50,0.2,0.1,99,1000,529851186,238708,0.4897959183673469,0.96,0.039540816326530615,1.0,14.666666666666666
50,0.4,0.1,99,1000,274563636,159000,0.1836734693877551,1.0,0.011479591836734694,1.0,15.0
50,0.6,0.1,99,1000,339269161,205884,0.20408163265306123,1.0,0.012755102040816327,1.0,15.0
50,0.8,0.1,99,1000,94887038,37376,0.02040816326530612,1.0,0.0012755102040816326,1.0,15.0
50,1.0,0.1,99,1000,53556364,26144,0.0,0,0.0,0,nan
